addr	type	namespace	name	source
EXTERNAL:00000001	Function	COMCTL32.DLL	InitCommonControlsEx	IMPORTED
EXTERNAL:00000002	Function	COMCTL32.DLL	SetWindowSubclass	IMPORTED
EXTERNAL:00000003	Function	GDI32.DLL	BitBlt	IMPORTED
EXTERNAL:00000004	Function	GDI32.DLL	CreateCompatibleBitmap	IMPORTED
EXTERNAL:00000005	Function	GDI32.DLL	CreateCompatibleDC	IMPORTED
EXTERNAL:00000006	Function	GDI32.DLL	CreateDCW	IMPORTED
EXTERNAL:00000007	Function	GDI32.DLL	CreateDIBSection	IMPORTED
EXTERNAL:00000008	Function	GDI32.DLL	CreateFontIndirectW	IMPORTED
EXTERNAL:00000009	Function	GDI32.DLL	CreatePen	IMPORTED
EXTERNAL:0000000a	Function	GDI32.DLL	CreateSolidBrush	IMPORTED
EXTERNAL:0000000b	Function	GDI32.DLL	DeleteDC	IMPORTED
EXTERNAL:0000000c	Function	GDI32.DLL	DeleteObject	IMPORTED
EXTERNAL:0000000d	Function	GDI32.DLL	Ellipse	IMPORTED
EXTERNAL:0000000e	Function	GDI32.DLL	GetDeviceCaps	IMPORTED
EXTERNAL:0000000f	Function	GDI32.DLL	GetObjectW	IMPORTED
EXTERNAL:00000010	Function	GDI32.DLL	GetStockObject	IMPORTED
EXTERNAL:00000011	Function	GDI32.DLL	GetTextExtentPoint32A	IMPORTED
EXTERNAL:00000012	Function	GDI32.DLL	LineTo	IMPORTED
EXTERNAL:00000013	Function	GDI32.DLL	MoveToEx	IMPORTED
EXTERNAL:00000014	Function	GDI32.DLL	Rectangle	IMPORTED
EXTERNAL:00000015	Function	GDI32.DLL	RoundRect	IMPORTED
EXTERNAL:00000016	Function	GDI32.DLL	SelectObject	IMPORTED
EXTERNAL:00000017	Function	GDI32.DLL	SetBkColor	IMPORTED
EXTERNAL:00000018	Function	GDI32.DLL	SetBkMode	IMPORTED
EXTERNAL:00000019	Function	GDI32.DLL	SetTextColor	IMPORTED
EXTERNAL:0000001a	Function	GDI32.DLL	TextOutW	IMPORTED
EXTERNAL:0000001b	Function	GDIPLUS.DLL	GdipAddPathArc	IMPORTED
EXTERNAL:0000001c	Function	GDIPLUS.DLL	GdipAddPathLine	IMPORTED
EXTERNAL:0000001d	Label	GDIPLUS.DLL	GdipAddPathString	IMPORTED
EXTERNAL:0000001e	Label	GDIPLUS.DLL	GdipBitmapGetPixel	IMPORTED
EXTERNAL:0000001f	Label	GDIPLUS.DLL	GdipBitmapSetPixel	IMPORTED
EXTERNAL:00000020	Function	GDIPLUS.DLL	GdipClosePathFigure	IMPORTED
EXTERNAL:00000021	Label	GDIPLUS.DLL	GdipCreateBitmapFromHBITMAP	IMPORTED
EXTERNAL:00000022	Label	GDIPLUS.DLL	GdipCreateBitmapFromStream	IMPORTED
EXTERNAL:00000023	Label	GDIPLUS.DLL	GdipCreateFontFamilyFromName	IMPORTED
EXTERNAL:00000024	Function	GDIPLUS.DLL	GdipCreateFromHDC	IMPORTED
EXTERNAL:00000025	Label	GDIPLUS.DLL	GdipCreateHBITMAPFromBitmap	IMPORTED
EXTERNAL:00000026	Label	GDIPLUS.DLL	GdipCreateHICONFromBitmap	IMPORTED
EXTERNAL:00000027	Function	GDIPLUS.DLL	GdipCreateLineBrush	IMPORTED
EXTERNAL:00000028	Function	GDIPLUS.DLL	GdipCreatePath	IMPORTED
EXTERNAL:00000029	Function	GDIPLUS.DLL	GdipCreatePen1	IMPORTED
EXTERNAL:0000002a	Function	GDIPLUS.DLL	GdipCreateSolidFill	IMPORTED
EXTERNAL:0000002b	Function	GDIPLUS.DLL	GdipDeleteBrush	IMPORTED
EXTERNAL:0000002c	Label	GDIPLUS.DLL	GdipDeleteCustomLineCap	IMPORTED
EXTERNAL:0000002d	Function	GDIPLUS.DLL	GdipDeleteFontFamily	IMPORTED
EXTERNAL:0000002e	Function	GDIPLUS.DLL	GdipDeleteGraphics	IMPORTED
EXTERNAL:0000002f	Function	GDIPLUS.DLL	GdipDeletePath	IMPORTED
EXTERNAL:00000030	Function	GDIPLUS.DLL	GdipDeletePen	IMPORTED
EXTERNAL:00000031	Function	GDIPLUS.DLL	GdipDisposeImage	IMPORTED
EXTERNAL:00000032	Function	GDIPLUS.DLL	GdipDrawEllipse	IMPORTED
EXTERNAL:00000033	Label	GDIPLUS.DLL	GdipDrawImageRect	IMPORTED
EXTERNAL:00000034	Function	GDIPLUS.DLL	GdipDrawPath	IMPORTED
EXTERNAL:00000035	Function	GDIPLUS.DLL	GdipDrawPolygon	IMPORTED
EXTERNAL:00000036	Function	GDIPLUS.DLL	GdipDrawRectangle	IMPORTED
EXTERNAL:00000037	Function	GDIPLUS.DLL	GdipFillEllipse	IMPORTED
EXTERNAL:00000038	Function	GDIPLUS.DLL	GdipFillPath	IMPORTED
EXTERNAL:00000039	Function	GDIPLUS.DLL	GdipFillPolygon	IMPORTED
EXTERNAL:0000003a	Function	GDIPLUS.DLL	GdipFillRectangle	IMPORTED
EXTERNAL:0000003b	Label	GDIPLUS.DLL	GdipGetImageEncoders	IMPORTED
EXTERNAL:0000003c	Label	GDIPLUS.DLL	GdipGetImageEncodersSize	IMPORTED
EXTERNAL:0000003d	Label	GDIPLUS.DLL	GdipGetImageHeight	IMPORTED
EXTERNAL:0000003e	Label	GDIPLUS.DLL	GdipGetImageWidth	IMPORTED
EXTERNAL:0000003f	Label	GDIPLUS.DLL	GdipGetMatrixElements	IMPORTED
EXTERNAL:00000040	Label	GDIPLUS.DLL	GdipGetPathGradientPointCount	IMPORTED
EXTERNAL:00000041	Label	GDIPLUS.DLL	GdipGetPenFillType	IMPORTED
EXTERNAL:00000042	Label	GDIPLUS.DLL	GdipSaveImageToFile	IMPORTED
EXTERNAL:00000043	Label	GDIPLUS.DLL	GdipSetImageAttributesRemapTable	IMPORTED
EXTERNAL:00000044	Function	GDIPLUS.DLL	GdipSetSmoothingMode	IMPORTED
EXTERNAL:00000045	Label	GDIPLUS.DLL	GdipWindingModeOutline	IMPORTED
EXTERNAL:00000046	Function	GDIPLUS.DLL	GdiplusShutdown	IMPORTED
EXTERNAL:00000047	Function	GDIPLUS.DLL	GdiplusStartup	IMPORTED
EXTERNAL:00000048	Function	KERNEL32.DLL	CloseHandle	IMPORTED
EXTERNAL:00000049	Function	KERNEL32.DLL	CompareStringW	IMPORTED
EXTERNAL:0000004a	Function	KERNEL32.DLL	CreateFileW	IMPORTED
EXTERNAL:0000004b	Function	KERNEL32.DLL	DeleteCriticalSection	IMPORTED
EXTERNAL:0000004c	Function	KERNEL32.DLL	EnterCriticalSection	IMPORTED
EXTERNAL:0000004d	Function	KERNEL32.DLL	FindClose	IMPORTED
EXTERNAL:0000004e	Function	KERNEL32.DLL	FindFirstFileW	IMPORTED
EXTERNAL:0000004f	Function	KERNEL32.DLL	FindResourceW	IMPORTED
EXTERNAL:00000050	Function	KERNEL32.DLL	FreeLibrary	IMPORTED
EXTERNAL:00000051	Function	KERNEL32.DLL	GetCommState	IMPORTED
EXTERNAL:00000052	Function	KERNEL32.DLL	GetConsoleMode	IMPORTED
EXTERNAL:00000053	Function	KERNEL32.DLL	GetConsoleScreenBufferInfo	IMPORTED
EXTERNAL:00000054	Function	KERNEL32.DLL	GetCurrentDirectoryW	IMPORTED
EXTERNAL:00000055	Function	KERNEL32.DLL	GetCurrentProcess	IMPORTED
EXTERNAL:00000056	Function	KERNEL32.DLL	GetCurrentProcessId	IMPORTED
EXTERNAL:00000057	Function	KERNEL32.DLL	GetCurrentThreadId	IMPORTED
EXTERNAL:00000058	Function	KERNEL32.DLL	GetFileAttributesW	IMPORTED
EXTERNAL:00000059	Function	KERNEL32.DLL	GetFileSize	IMPORTED
EXTERNAL:0000005a	Function	KERNEL32.DLL	GetLargestConsoleWindowSize	IMPORTED
EXTERNAL:0000005b	Function	KERNEL32.DLL	GetLastError	IMPORTED
EXTERNAL:0000005c	Function	KERNEL32.DLL	GetModuleFileNameW	IMPORTED
EXTERNAL:0000005d	Function	KERNEL32.DLL	GetModuleHandleA	IMPORTED
EXTERNAL:0000005e	Function	KERNEL32.DLL	GetModuleHandleW	IMPORTED
EXTERNAL:0000005f	Function	KERNEL32.DLL	GetPrivateProfileStringW	IMPORTED
EXTERNAL:00000060	Function	KERNEL32.DLL	GetProcAddress	IMPORTED
EXTERNAL:00000061	Function	KERNEL32.DLL	GetProcessHeap	IMPORTED
EXTERNAL:00000062	Function	KERNEL32.DLL	GetStartupInfoA	IMPORTED
EXTERNAL:00000063	Function	KERNEL32.DLL	GetStdHandle	IMPORTED
EXTERNAL:00000064	Function	KERNEL32.DLL	GetSystemTimeAsFileTime	IMPORTED
EXTERNAL:00000065	Function	KERNEL32.DLL	GetTickCount	IMPORTED
EXTERNAL:00000066	Function	KERNEL32.DLL	GlobalAlloc	IMPORTED
EXTERNAL:00000067	Function	KERNEL32.DLL	GlobalFree	IMPORTED
EXTERNAL:00000068	Function	KERNEL32.DLL	GlobalLock	IMPORTED
EXTERNAL:00000069	Function	KERNEL32.DLL	GlobalUnlock	IMPORTED
EXTERNAL:0000006a	Function	KERNEL32.DLL	HeapAlloc	IMPORTED
EXTERNAL:0000006b	Function	KERNEL32.DLL	HeapFree	IMPORTED
EXTERNAL:0000006c	Function	KERNEL32.DLL	InitializeCriticalSection	IMPORTED
EXTERNAL:0000006d	Function	KERNEL32.DLL	LeaveCriticalSection	IMPORTED
EXTERNAL:0000006e	Function	KERNEL32.DLL	LoadLibraryA	IMPORTED
EXTERNAL:0000006f	Function	KERNEL32.DLL	LoadLibraryW	IMPORTED
EXTERNAL:00000070	Function	KERNEL32.DLL	LoadResource	IMPORTED
EXTERNAL:00000071	Function	KERNEL32.DLL	LockResource	IMPORTED
EXTERNAL:00000072	Function	KERNEL32.DLL	MoveFileW	IMPORTED
EXTERNAL:00000073	Function	KERNEL32.DLL	MulDiv	IMPORTED
EXTERNAL:00000074	Function	KERNEL32.DLL	MultiByteToWideChar	IMPORTED
EXTERNAL:00000075	Function	KERNEL32.DLL	PeekConsoleInputA	IMPORTED
EXTERNAL:00000076	Function	KERNEL32.DLL	PurgeComm	IMPORTED
EXTERNAL:00000077	Function	KERNEL32.DLL	QueryPerformanceCounter	IMPORTED
EXTERNAL:00000078	Function	KERNEL32.DLL	ReadConsoleInputA	IMPORTED
EXTERNAL:00000079	Function	KERNEL32.DLL	ReadFile	IMPORTED
EXTERNAL:0000007a	Function	KERNEL32.DLL	RtlAddFunctionTable	IMPORTED
EXTERNAL:0000007b	Function	KERNEL32.DLL	RtlCaptureContext	IMPORTED
EXTERNAL:0000007c	Function	KERNEL32.DLL	RtlLookupFunctionEntry	IMPORTED
EXTERNAL:0000007d	Function	KERNEL32.DLL	RtlVirtualUnwind	IMPORTED
EXTERNAL:0000007e	Function	KERNEL32.DLL	SetCommMask	IMPORTED
EXTERNAL:0000007f	Function	KERNEL32.DLL	SetCommState	IMPORTED
EXTERNAL:00000080	Function	KERNEL32.DLL	SetCommTimeouts	IMPORTED
EXTERNAL:00000081	Function	KERNEL32.DLL	SetConsoleCtrlHandler	IMPORTED
EXTERNAL:00000082	Function	KERNEL32.DLL	SetConsoleMode	IMPORTED
EXTERNAL:00000083	Function	KERNEL32.DLL	SetConsoleWindowInfo	IMPORTED
EXTERNAL:00000084	Function	KERNEL32.DLL	SetUnhandledExceptionFilter	IMPORTED
EXTERNAL:00000085	Function	KERNEL32.DLL	SetupComm	IMPORTED
EXTERNAL:00000086	Function	KERNEL32.DLL	SizeofResource	IMPORTED
EXTERNAL:00000087	Function	KERNEL32.DLL	Sleep	IMPORTED
EXTERNAL:00000088	Function	KERNEL32.DLL	TerminateProcess	IMPORTED
EXTERNAL:00000089	Function	KERNEL32.DLL	TlsGetValue	IMPORTED
EXTERNAL:0000008a	Function	KERNEL32.DLL	UnhandledExceptionFilter	IMPORTED
EXTERNAL:0000008b	Function	KERNEL32.DLL	VirtualProtect	IMPORTED
EXTERNAL:0000008c	Function	KERNEL32.DLL	VirtualQuery	IMPORTED
EXTERNAL:0000008d	Function	KERNEL32.DLL	WideCharToMultiByte	IMPORTED
EXTERNAL:0000008e	Function	KERNEL32.DLL	WriteConsoleInputA	IMPORTED
EXTERNAL:0000008f	Function	KERNEL32.DLL	WriteFile	IMPORTED
EXTERNAL:00000090	Function	KERNEL32.DLL	WritePrivateProfileStringW	IMPORTED
EXTERNAL:00000091	Label	KERNEL32.DLL	__C_specific_handler	IMPORTED
EXTERNAL:00000092	Function	MSVCRT.DLL	__getmainargs	IMPORTED
EXTERNAL:00000093	Label	MSVCRT.DLL	__initenv	IMPORTED
EXTERNAL:00000094	Function	MSVCRT.DLL	__iob_func	IMPORTED
EXTERNAL:00000095	Function	MSVCRT.DLL	__lconv_init	IMPORTED
EXTERNAL:00000096	Function	MSVCRT.DLL	__set_app_type	IMPORTED
EXTERNAL:00000097	Function	MSVCRT.DLL	__setusermatherr	IMPORTED
EXTERNAL:00000098	Label	MSVCRT.DLL	_acmdln	IMPORTED
EXTERNAL:00000099	Function	MSVCRT.DLL	_amsg_exit	IMPORTED
EXTERNAL:0000009a	Function	MSVCRT.DLL	_cexit	IMPORTED
EXTERNAL:0000009b	Function	MSVCRT.DLL	_controlfp	IMPORTED
EXTERNAL:0000009c	Function	MSVCRT.DLL	_errno	IMPORTED
EXTERNAL:0000009d	Label	MSVCRT.DLL	_fmode	IMPORTED
EXTERNAL:0000009e	Function	MSVCRT.DLL	_fpreset	IMPORTED
EXTERNAL:0000009f	Function	MSVCRT.DLL	_i64toa	IMPORTED
EXTERNAL:000000a0	Function	MSVCRT.DLL	_i64tow	IMPORTED
EXTERNAL:000000a1	Function	MSVCRT.DLL	_initterm	IMPORTED
EXTERNAL:000000a2	Function	MSVCRT.DLL	_itoa	IMPORTED
EXTERNAL:000000a3	Function	MSVCRT.DLL	_itow	IMPORTED
EXTERNAL:000000a4	Function	MSVCRT.DLL	_onexit	IMPORTED
EXTERNAL:000000a5	Function	MSVCRT.DLL	_snprintf	IMPORTED
EXTERNAL:000000a6	Function	MSVCRT.DLL	_ui64toa	IMPORTED
EXTERNAL:000000a7	Function	MSVCRT.DLL	_ui64tow	IMPORTED
EXTERNAL:000000a8	Function	MSVCRT.DLL	_ultoa	IMPORTED
EXTERNAL:000000a9	Function	MSVCRT.DLL	_ultow	IMPORTED
EXTERNAL:000000aa	Function	MSVCRT.DLL	abort	IMPORTED
EXTERNAL:000000ab	Function	MSVCRT.DLL	calloc	IMPORTED
EXTERNAL:000000ac	Function	MSVCRT.DLL	exit	IMPORTED
EXTERNAL:000000ad	Function	MSVCRT.DLL	floor	IMPORTED
EXTERNAL:000000ae	Function	MSVCRT.DLL	fprintf	IMPORTED
EXTERNAL:000000af	Function	MSVCRT.DLL	fputs	IMPORTED
EXTERNAL:000000b0	Function	MSVCRT.DLL	free	IMPORTED
EXTERNAL:000000b1	Function	MSVCRT.DLL	fwrite	IMPORTED
EXTERNAL:000000b2	Function	MSVCRT.DLL	islower	IMPORTED
EXTERNAL:000000b3	Function	MSVCRT.DLL	isupper	IMPORTED
EXTERNAL:000000b4	Function	MSVCRT.DLL	iswctype	IMPORTED
EXTERNAL:000000b5	Function	MSVCRT.DLL	localeconv	IMPORTED
EXTERNAL:000000b6	Function	MSVCRT.DLL	malloc	IMPORTED
EXTERNAL:000000b7	Function	MSVCRT.DLL	mbstowcs	IMPORTED
EXTERNAL:000000b8	Function	MSVCRT.DLL	memchr	IMPORTED
EXTERNAL:000000b9	Function	MSVCRT.DLL	memcmp	IMPORTED
EXTERNAL:000000ba	Function	MSVCRT.DLL	memcpy	IMPORTED
EXTERNAL:000000bb	Function	MSVCRT.DLL	memset	IMPORTED
EXTERNAL:000000bc	Function	MSVCRT.DLL	qsort	IMPORTED
EXTERNAL:000000bd	Function	MSVCRT.DLL	realloc	IMPORTED
EXTERNAL:000000be	Label	MSVCRT.DLL	setlocale	IMPORTED
EXTERNAL:000000bf	Function	MSVCRT.DLL	signal	IMPORTED
EXTERNAL:000000c0	Function	MSVCRT.DLL	strchr	IMPORTED
EXTERNAL:000000c1	Function	MSVCRT.DLL	strlen	IMPORTED
EXTERNAL:000000c2	Function	MSVCRT.DLL	strncmp	IMPORTED
EXTERNAL:000000c3	Function	MSVCRT.DLL	strtoul	IMPORTED
EXTERNAL:000000c4	Function	MSVCRT.DLL	tolower	IMPORTED
EXTERNAL:000000c5	Function	MSVCRT.DLL	toupper	IMPORTED
EXTERNAL:000000c6	Function	MSVCRT.DLL	towupper	IMPORTED
EXTERNAL:000000c7	Function	MSVCRT.DLL	vfprintf	IMPORTED
EXTERNAL:000000c8	Function	MSVCRT.DLL	wcscmp	IMPORTED
EXTERNAL:000000c9	Function	MSVCRT.DLL	wcscspn	IMPORTED
EXTERNAL:000000ca	Function	MSVCRT.DLL	wcslen	IMPORTED
EXTERNAL:000000cb	Function	MSVCRT.DLL	wcsncmp	IMPORTED
EXTERNAL:000000cc	Function	MSVCRT.DLL	wcsstr	IMPORTED
EXTERNAL:000000cd	Function	MSVCRT.DLL	wcstod	IMPORTED
EXTERNAL:000000ce	Function	MSVCRT.DLL	wcstombs	IMPORTED
EXTERNAL:000000cf	Function	OLE32.DLL	CreateStreamOnHGlobal	IMPORTED
EXTERNAL:000000d0	Function	OLEAUT32.DLL	SysAllocString	IMPORTED
EXTERNAL:000000d1	Function	OLEAUT32.DLL	SysAllocStringLen	IMPORTED
EXTERNAL:000000d2	Function	OLEAUT32.DLL	SysFreeString	IMPORTED
EXTERNAL:000000d3	Function	OLEAUT32.DLL	SysStringLen	IMPORTED
EXTERNAL:000000d4	Function	SHELL32.DLL	SHGetPathFromIDListW	IMPORTED
EXTERNAL:000000d5	Function	SHLWAPI.DLL	PathRemoveBackslashW	IMPORTED
EXTERNAL:000000d6	Function	SHLWAPI.DLL	StrToIntW	IMPORTED
EXTERNAL:000000d7	Function	USER32.DLL	AdjustWindowRectEx	IMPORTED
EXTERNAL:000000d8	Function	USER32.DLL	BeginDeferWindowPos	IMPORTED
EXTERNAL:000000d9	Function	USER32.DLL	BeginPaint	IMPORTED
EXTERNAL:000000da	Function	USER32.DLL	CallWindowProcW	IMPORTED
EXTERNAL:000000db	Function	USER32.DLL	CreateIconIndirect	IMPORTED
EXTERNAL:000000dc	Function	USER32.DLL	CreateWindowExW	IMPORTED
EXTERNAL:000000dd	Function	USER32.DLL	DefWindowProcW	IMPORTED
EXTERNAL:000000de	Function	USER32.DLL	DeferWindowPos	IMPORTED
EXTERNAL:000000df	Function	USER32.DLL	DestroyAcceleratorTable	IMPORTED
EXTERNAL:000000e0	Function	USER32.DLL	DestroyCursor	IMPORTED
EXTERNAL:000000e1	Function	USER32.DLL	DestroyIcon	IMPORTED
EXTERNAL:000000e2	Function	USER32.DLL	DestroyWindow	IMPORTED
EXTERNAL:000000e3	Function	USER32.DLL	DispatchMessageW	IMPORTED
EXTERNAL:000000e4	Function	USER32.DLL	DrawIconEx	IMPORTED
EXTERNAL:000000e5	Function	USER32.DLL	DrawTextW	IMPORTED
EXTERNAL:000000e6	Function	USER32.DLL	EnableWindow	IMPORTED
EXTERNAL:000000e7	Function	USER32.DLL	EndDeferWindowPos	IMPORTED
EXTERNAL:000000e8	Function	USER32.DLL	EndPaint	IMPORTED
EXTERNAL:000000e9	Function	USER32.DLL	EnumThreadWindows	IMPORTED
EXTERNAL:000000ea	Function	USER32.DLL	FillRect	IMPORTED
EXTERNAL:000000eb	Function	USER32.DLL	FindWindowExW	IMPORTED
EXTERNAL:000000ec	Function	USER32.DLL	FindWindowW	IMPORTED
EXTERNAL:000000ed	Function	USER32.DLL	FlashWindowEx	IMPORTED
EXTERNAL:000000ee	Function	USER32.DLL	GetAncestor	IMPORTED
EXTERNAL:000000ef	Function	USER32.DLL	GetClassLongPtrW	IMPORTED
EXTERNAL:000000f0	Function	USER32.DLL	GetClassNameA	IMPORTED
EXTERNAL:000000f1	Function	USER32.DLL	GetClassNameW	IMPORTED
EXTERNAL:000000f2	Function	USER32.DLL	GetClientRect	IMPORTED
EXTERNAL:000000f3	Function	USER32.DLL	GetDC	IMPORTED
EXTERNAL:000000f4	Function	USER32.DLL	GetDesktopWindow	IMPORTED
EXTERNAL:000000f5	Function	USER32.DLL	GetDlgCtrlID	IMPORTED
EXTERNAL:000000f6	Function	USER32.DLL	GetDlgItem	IMPORTED
EXTERNAL:000000f7	Function	USER32.DLL	GetIconInfo	IMPORTED
EXTERNAL:000000f8	Function	USER32.DLL	GetMenu	IMPORTED
EXTERNAL:000000f9	Function	USER32.DLL	GetMessageW	IMPORTED
EXTERNAL:000000fa	Function	USER32.DLL	GetParent	IMPORTED
EXTERNAL:000000fb	Function	USER32.DLL	GetPropW	IMPORTED
EXTERNAL:000000fc	Function	USER32.DLL	GetScrollInfo	IMPORTED
EXTERNAL:000000fd	Function	USER32.DLL	GetSysColor	IMPORTED
EXTERNAL:000000fe	Function	USER32.DLL	GetSystemMetrics	IMPORTED
EXTERNAL:000000ff	Function	USER32.DLL	GetWindow	IMPORTED
EXTERNAL:00000100	Function	USER32.DLL	GetWindowDC	IMPORTED
EXTERNAL:00000101	Function	USER32.DLL	GetWindowLongPtrW	IMPORTED
EXTERNAL:00000102	Function	USER32.DLL	GetWindowPlacement	IMPORTED
EXTERNAL:00000103	Function	USER32.DLL	GetWindowRect	IMPORTED
EXTERNAL:00000104	Function	USER32.DLL	GetWindowTextLengthW	IMPORTED
EXTERNAL:00000105	Function	USER32.DLL	GetWindowThreadProcessId	IMPORTED
EXTERNAL:00000106	Function	USER32.DLL	IntersectRect	IMPORTED
EXTERNAL:00000107	Function	USER32.DLL	InvalidateRect	IMPORTED
EXTERNAL:00000108	Function	USER32.DLL	IsDialogMessageW	IMPORTED
EXTERNAL:00000109	Function	USER32.DLL	IsIconic	IMPORTED
EXTERNAL:0000010a	Function	USER32.DLL	IsWindow	IMPORTED
EXTERNAL:0000010b	Function	USER32.DLL	IsWindowEnabled	IMPORTED
EXTERNAL:0000010c	Function	USER32.DLL	IsWindowVisible	IMPORTED
EXTERNAL:0000010d	Function	USER32.DLL	IsZoomed	IMPORTED
EXTERNAL:0000010e	Function	USER32.DLL	LoadCursorW	IMPORTED
EXTERNAL:0000010f	Function	USER32.DLL	LoadImageA	IMPORTED
EXTERNAL:00000110	Function	USER32.DLL	LoadImageW	IMPORTED
EXTERNAL:00000111	Function	USER32.DLL	MapVirtualKeyA	IMPORTED
EXTERNAL:00000112	Function	USER32.DLL	MapWindowPoints	IMPORTED
EXTERNAL:00000113	Function	USER32.DLL	MessageBoxW	IMPORTED
EXTERNAL:00000114	Function	USER32.DLL	OpenIcon	IMPORTED
EXTERNAL:00000115	Function	USER32.DLL	PostMessageW	IMPORTED
EXTERNAL:00000116	Function	USER32.DLL	PostQuitMessage	IMPORTED
EXTERNAL:00000117	Function	USER32.DLL	RegisterClassExW	IMPORTED
EXTERNAL:00000118	Function	USER32.DLL	ReleaseCapture	IMPORTED
EXTERNAL:00000119	Function	USER32.DLL	ReleaseDC	IMPORTED
EXTERNAL:0000011a	Function	USER32.DLL	RemovePropW	IMPORTED
EXTERNAL:0000011b	Function	USER32.DLL	ScreenToClient	IMPORTED
EXTERNAL:0000011c	Function	USER32.DLL	SendMessageA	IMPORTED
EXTERNAL:0000011d	Function	USER32.DLL	SendMessageW	IMPORTED
EXTERNAL:0000011e	Function	USER32.DLL	SetClassLongPtrW	IMPORTED
EXTERNAL:0000011f	Function	USER32.DLL	SetCursor	IMPORTED
EXTERNAL:00000120	Function	USER32.DLL	SetFocus	IMPORTED
EXTERNAL:00000121	Function	USER32.DLL	SetForegroundWindow	IMPORTED
EXTERNAL:00000122	Function	USER32.DLL	SetLayeredWindowAttributes	IMPORTED
EXTERNAL:00000123	Function	USER32.DLL	SetParent	IMPORTED
EXTERNAL:00000124	Function	USER32.DLL	SetPropW	IMPORTED
EXTERNAL:00000125	Function	USER32.DLL	SetRect	IMPORTED
EXTERNAL:00000126	Function	USER32.DLL	SetScrollInfo	IMPORTED
EXTERNAL:00000127	Function	USER32.DLL	SetWindowLongPtrW	IMPORTED
EXTERNAL:00000128	Function	USER32.DLL	SetWindowPlacement	IMPORTED
EXTERNAL:00000129	Function	USER32.DLL	SetWindowPos	IMPORTED
EXTERNAL:0000012a	Function	USER32.DLL	ShowWindow	IMPORTED
EXTERNAL:0000012b	Function	USER32.DLL	SystemParametersInfoW	IMPORTED
EXTERNAL:0000012c	Function	USER32.DLL	TranslateAcceleratorW	IMPORTED
EXTERNAL:0000012d	Function	USER32.DLL	TranslateMDISysAccel	IMPORTED
EXTERNAL:0000012e	Function	USER32.DLL	TranslateMessage	IMPORTED
EXTERNAL:0000012f	Function	USER32.DLL	UnregisterClassW	IMPORTED
EXTERNAL:00000130	Function	USER32.DLL	UpdateWindow	IMPORTED
EXTERNAL:00000131	Function	USER32.DLL	VkKeyScanA	IMPORTED
EXTERNAL:00000132	Function	VERSION.DLL	GetFileVersionInfoSizeW	IMPORTED
EXTERNAL:00000133	Function	VERSION.DLL	GetFileVersionInfoW	IMPORTED
EXTERNAL:00000134	Function	VERSION.DLL	VerQueryValueW	IMPORTED
00400000	Label	Global	IMAGE_DOS_HEADER_00400000	DEFAULT
0040003c	Label	Global	IMAGE_DOS_HEADER_00400000.e_lfanew	DEFAULT
00400080	Label	Global	IMAGE_NT_HEADERS64_00400080	DEFAULT
00400086	Label	Global	IMAGE_NT_HEADERS64_00400080.FileHeader.NumberOfSections	DEFAULT
00400094	Label	Global	IMAGE_NT_HEADERS64_00400080.FileHeader.SizeOfOptionalHeader	DEFAULT
00400098	Label	Global	IMAGE_NT_HEADERS64_00400080.OptionalHeader.Magic	DEFAULT
004000f4	Label	Global	IMAGE_NT_HEADERS64_00400080.OptionalHeader.SizeOfHeapReserve+4	DEFAULT
00400104	Label	Global	IMAGE_NT_HEADERS64_00400080.OptionalHeader.NumberOfRvaAndSizes	DEFAULT
00400110	Label	Global	IMAGE_NT_HEADERS64_00400080.OptionalHeader.DataDirectory[1].VirtualAddress	DEFAULT
00400168	Label	Global	IMAGE_NT_HEADERS64_00400080.OptionalHeader.DataDirectory[12].VirtualAddress	DEFAULT
00400178	Label	Global	IMAGE_NT_HEADERS64_00400080.OptionalHeader.DataDirectory[14].VirtualAddress	DEFAULT
00400188	Label	Global	IMAGE_SECTION_HEADER_00400188	DEFAULT
00400190	Label	Global	IMAGE_SECTION_HEADER_00400188.Misc	DEFAULT
00400194	Label	Global	IMAGE_SECTION_HEADER_00400188.VirtualAddress	DEFAULT
004001af	Label	Global	IMAGE_SECTION_HEADER_00400188.Characteristics+3	DEFAULT
004001b0	Label	Global	IMAGE_SECTION_HEADER_004001b0	DEFAULT
004001b8	Label	Global	IMAGE_SECTION_HEADER_004001b0.Misc	DEFAULT
004001bc	Label	Global	IMAGE_SECTION_HEADER_004001b0.VirtualAddress	DEFAULT
004001d4	Label	Global	IMAGE_SECTION_HEADER_004001b0.Characteristics	DEFAULT
004001d7	Label	Global	IMAGE_SECTION_HEADER_004001b0.Characteristics+3	DEFAULT
00400318	Label	Global	DAT_00400318	DEFAULT
00401000	Function	Global	FUN_00401000	DEFAULT
00401010	Function	Global	FUN_00401010	DEFAULT
00401067	Label	Global	LAB_00401067	DEFAULT
00401084	Label	Global	LAB_00401084	DEFAULT
004010b0	Label	Global	LAB_004010b0	DEFAULT
004010c0	Label	Global	LAB_004010c0	DEFAULT
004010f0	Label	Global	LAB_004010f0	DEFAULT
00401108	Label	Global	LAB_00401108	DEFAULT
00401130	Function	Global	FUN_00401130	DEFAULT
00401180	Function	Global	FUN_00401180	DEFAULT
004011b4	Label	Global	LAB_004011b4	DEFAULT
004011d8	Label	Global	LAB_004011d8	DEFAULT
004011e9	Label	Global	LAB_004011e9	DEFAULT
0040120a	Label	Global	LAB_0040120a	DEFAULT
0040121e	Label	Global	LAB_0040121e	DEFAULT
00401229	Label	Global	LAB_00401229	DEFAULT
00401231	Label	Global	LAB_00401231	DEFAULT
0040124c	Label	Global	LAB_0040124c	DEFAULT
004012a0	Label	Global	LAB_004012a0	DEFAULT
004012ae	Label	Global	LAB_004012ae	DEFAULT
004012b2	Label	Global	LAB_004012b2	DEFAULT
004012d0	Label	Global	LAB_004012d0	DEFAULT
004012d8	Label	Global	LAB_004012d8	DEFAULT
004012e9	Label	Global	LAB_004012e9	DEFAULT
004012f0	Label	Global	LAB_004012f0	DEFAULT
00401308	Label	Global	LAB_00401308	DEFAULT
0040130e	Label	Global	LAB_0040130e	DEFAULT
00401340	Label	Global	LAB_00401340	DEFAULT
0040137b	Label	Global	LAB_0040137b	DEFAULT
004013f0	Label	Global	LAB_004013f0	DEFAULT
00401400	Label	Global	LAB_00401400	DEFAULT
00401417	Label	Global	LAB_00401417	DEFAULT
0040142c	Label	Global	LAB_0040142c	DEFAULT
0040144d	Label	Global	LAB_0040144d	DEFAULT
00401460	Label	Global	LAB_00401460	DEFAULT
00401470	Label	Global	LAB_00401470	DEFAULT
00401490	Label	Global	LAB_00401490	DEFAULT
004014ae	Label	Global	LAB_004014ae	DEFAULT
004014c0	Function	Global	entry	IMPORTED
004014f0	Function	Global	FUN_004014f0	DEFAULT
00401520	Function	Global	FUN_00401520	DEFAULT
00401540	Function	Global	FUN_00401540	DEFAULT
00401550	Function	Global	FUN_00401550	DEFAULT
00401560	Label	Global	LAB_00401560	DEFAULT
00401570	Label	Global	LAB_00401570	DEFAULT
00401580	Function	Global	FUN_00401580	DEFAULT
004015ab	Label	Global	LAB_004015ab	DEFAULT
004015bd	Label	Global	LAB_004015bd	DEFAULT
004015c4	Label	Global	LAB_004015c4	DEFAULT
004015f5	Label	Global	LAB_004015f5	DEFAULT
00401626	Label	Global	LAB_00401626	DEFAULT
00401637	Label	Global	LAB_00401637	DEFAULT
00401640	Function	Global	FUN_00401640	DEFAULT
00401673	Label	Global	LAB_00401673	DEFAULT
00401685	Label	Global	LAB_00401685	DEFAULT
0040168c	Label	Global	LAB_0040168c	DEFAULT
004016c0	Label	Global	LAB_004016c0	DEFAULT
004016e9	Label	Global	LAB_004016e9	DEFAULT
004016fa	Label	Global	LAB_004016fa	DEFAULT
00401701	Label	Global	LAB_00401701	DEFAULT
00401745	Label	Global	LAB_00401745	DEFAULT
00401798	Label	Global	LAB_00401798	DEFAULT
004017ac	Label	Global	LAB_004017ac	DEFAULT
004017b1	Function	Global	FUN_004017b1	DEFAULT
004017cc	Label	Global	LAB_004017cc	DEFAULT
004017de	Label	Global	LAB_004017de	DEFAULT
004017e5	Label	Global	LAB_004017e5	DEFAULT
0040182c	Label	Global	LAB_0040182c	DEFAULT
00401855	Label	Global	LAB_00401855	DEFAULT
00401869	Label	Global	LAB_00401869	DEFAULT
00401adb	Function	Global	FUN_00401adb	DEFAULT
00401b02	Label	Global	LAB_00401b02	DEFAULT
00401edc	Label	Global	LAB_00401edc	DEFAULT
00401f69	Label	Global	LAB_00401f69	DEFAULT
00401f6e	Function	Global	FUN_00401f6e	DEFAULT
00401fcf	Label	Global	LAB_00401fcf	DEFAULT
00401fea	Label	Global	LAB_00401fea	DEFAULT
00402017	Label	Global	LAB_00402017	DEFAULT
0040203b	Label	Global	LAB_0040203b	DEFAULT
00402068	Label	Global	LAB_00402068	DEFAULT
00402095	Label	Global	LAB_00402095	DEFAULT
004020b9	Label	Global	LAB_004020b9	DEFAULT
004020dd	Label	Global	LAB_004020dd	DEFAULT
00402101	Label	Global	LAB_00402101	DEFAULT
0040212e	Label	Global	LAB_0040212e	DEFAULT
00402152	Label	Global	LAB_00402152	DEFAULT
00402176	Label	Global	LAB_00402176	DEFAULT
0040219a	Label	Global	LAB_0040219a	DEFAULT
004021c7	Label	Global	LAB_004021c7	DEFAULT
004021f4	Label	Global	LAB_004021f4	DEFAULT
00402792	Function	Global	FUN_00402792	DEFAULT
0040386d	Function	Global	FUN_0040386d	DEFAULT
00403918	Label	Global	LAB_00403918	DEFAULT
00403c4d	Function	Global	FUN_00403c4d	DEFAULT
00403cae	Label	Global	LAB_00403cae	DEFAULT
00404152	Function	Global	FUN_00404152	DEFAULT
00404230	Label	Global	LAB_00404230	DEFAULT
004042cd	Label	Global	LAB_004042cd	DEFAULT
004042fd	Label	Global	LAB_004042fd	DEFAULT
0040431d	Label	Global	LAB_0040431d	DEFAULT
00404364	Label	Global	LAB_00404364	DEFAULT
004043b5	Label	Global	LAB_004043b5	DEFAULT
004043e5	Label	Global	LAB_004043e5	DEFAULT
00404405	Label	Global	LAB_00404405	DEFAULT
00405114	Function	Global	FUN_00405114	DEFAULT
0040516e	Label	Global	LAB_0040516e	DEFAULT
00405197	Label	Global	LAB_00405197	DEFAULT
004051c0	Label	Global	LAB_004051c0	DEFAULT
004051e9	Label	Global	LAB_004051e9	DEFAULT
00405212	Label	Global	LAB_00405212	DEFAULT
0040523b	Label	Global	LAB_0040523b	DEFAULT
00405264	Label	Global	LAB_00405264	DEFAULT
0040528d	Label	Global	LAB_0040528d	DEFAULT
004052b6	Label	Global	LAB_004052b6	DEFAULT
004052df	Label	Global	LAB_004052df	DEFAULT
00405308	Label	Global	LAB_00405308	DEFAULT
00405331	Label	Global	LAB_00405331	DEFAULT
00405357	Label	Global	LAB_00405357	DEFAULT
0040537d	Label	Global	LAB_0040537d	DEFAULT
004053a3	Label	Global	LAB_004053a3	DEFAULT
004053b2	Label	Global	LAB_004053b2	DEFAULT
004054a4	Function	Global	FUN_004054a4	DEFAULT
00405530	Label	Global	LAB_00405530	DEFAULT
00405547	Label	Global	LAB_00405547	DEFAULT
00405896	Function	Global	FUN_00405896	DEFAULT
004058dc	Label	Global	LAB_004058dc	DEFAULT
004064aa	Function	Global	FUN_004064aa	DEFAULT
0040650f	Label	Global	LAB_0040650f	DEFAULT
00406589	Label	Global	LAB_00406589	DEFAULT
004065ce	Label	Global	LAB_004065ce	DEFAULT
004065ee	Label	Global	LAB_004065ee	DEFAULT
0040666d	Function	Global	FUN_0040666d	DEFAULT
004066d2	Label	Global	LAB_004066d2	DEFAULT
0040674f	Label	Global	LAB_0040674f	DEFAULT
00406799	Label	Global	LAB_00406799	DEFAULT
0040682b	Label	Global	LAB_0040682b	DEFAULT
0040684b	Label	Global	LAB_0040684b	DEFAULT
004068d2	Function	Global	FUN_004068d2	DEFAULT
00406955	Label	Global	LAB_00406955	DEFAULT
004069df	Label	Global	LAB_004069df	DEFAULT
00406a33	Label	Global	LAB_00406a33	DEFAULT
00406a54	Label	Global	LAB_00406a54	DEFAULT
00406ac8	Label	Global	LAB_00406ac8	DEFAULT
00406b1c	Label	Global	LAB_00406b1c	DEFAULT
00406b3a	Label	Global	LAB_00406b3a	DEFAULT
00406b3f	Function	Global	FUN_00406b3f	DEFAULT
00406bb7	Function	Global	FUN_00406bb7	DEFAULT
00406bdf	Function	Global	FUN_00406bdf	DEFAULT
00406d9e	Function	Global	FUN_00406d9e	DEFAULT
004074f2	Function	Global	FUN_004074f2	DEFAULT
0040751a	Label	Global	LAB_0040751a	DEFAULT
0040753f	Label	Global	LAB_0040753f	DEFAULT
00407550	Label	Global	LAB_00407550	DEFAULT
00407896	Function	Global	FUN_00407896	DEFAULT
004078dc	Function	Global	FUN_004078dc	DEFAULT
00408972	Function	Global	FUN_00408972	DEFAULT
004089b7	Label	Global	LAB_004089b7	DEFAULT
00408d9f	Function	Global	FUN_00408d9f	DEFAULT
00408e3c	Label	Global	LAB_00408e3c	DEFAULT
00408f03	Function	Global	FUN_00408f03	DEFAULT
00408fa0	Label	Global	LAB_00408fa0	DEFAULT
00409024	Function	Global	FUN_00409024	DEFAULT
00409083	Label	Global	LAB_00409083	DEFAULT
00409200	Function	Global	FUN_00409200	DEFAULT
00409248	Label	Global	LAB_00409248	DEFAULT
00409262	Label	Global	LAB_00409262	DEFAULT
004092dc	Label	Global	LAB_004092dc	DEFAULT
004092f1	Label	Global	LAB_004092f1	DEFAULT
004093a2	Label	Global	LAB_004093a2	DEFAULT
004093dd	Label	Global	LAB_004093dd	DEFAULT
004093f0	Label	Global	LAB_004093f0	DEFAULT
00409400	Label	Global	LAB_00409400	DEFAULT
00409410	Label	Global	LAB_00409410	DEFAULT
00409420	Label	Global	LAB_00409420	DEFAULT
00409430	Label	Global	LAB_00409430	DEFAULT
00409447	Label	Global	LAB_00409447	DEFAULT
0040945e	Label	Global	LAB_0040945e	DEFAULT
00409473	Label	Global	LAB_00409473	DEFAULT
00409497	Label	Global	LAB_00409497	DEFAULT
004094b7	Label	Global	LAB_004094b7	DEFAULT
00409562	Label	Global	LAB_00409562	DEFAULT
004095b3	Function	Global	FUN_004095b3	DEFAULT
00409626	Function	Global	FUN_00409626	DEFAULT
0040965a	Label	Global	LAB_0040965a	DEFAULT
00409671	Label	Global	LAB_00409671	DEFAULT
00409f1e	Function	Global	FUN_00409f1e	DEFAULT
00409f72	Label	Global	LAB_00409f72	DEFAULT
00409f7c	Function	Global	FUN_00409f7c	DEFAULT
00409fba	Label	Global	LAB_00409fba	DEFAULT
00409fcc	Label	Global	LAB_00409fcc	DEFAULT
0040a083	Label	Global	LAB_0040a083	DEFAULT
0040a2a1	Label	Global	LAB_0040a2a1	DEFAULT
0040a2d4	Label	Global	LAB_0040a2d4	DEFAULT
0040a2df	Label	Global	LAB_0040a2df	DEFAULT
0040a2ef	Label	Global	LAB_0040a2ef	DEFAULT
0040a2f4	Label	Global	LAB_0040a2f4	DEFAULT
0040a378	Label	Global	LAB_0040a378	DEFAULT
0040a38a	Label	Global	LAB_0040a38a	DEFAULT
0040a39e	Label	Global	LAB_0040a39e	DEFAULT
0040a3b4	Label	Global	LAB_0040a3b4	DEFAULT
0040a3dc	Label	Global	LAB_0040a3dc	DEFAULT
0040a40c	Label	Global	LAB_0040a40c	DEFAULT
0040a486	Label	Global	LAB_0040a486	DEFAULT
0040a4b6	Label	Global	LAB_0040a4b6	DEFAULT
0040a508	Label	Global	LAB_0040a508	DEFAULT
0040a538	Label	Global	LAB_0040a538	DEFAULT
0040a58a	Label	Global	LAB_0040a58a	DEFAULT
0040a5ba	Label	Global	LAB_0040a5ba	DEFAULT
0040a60c	Label	Global	LAB_0040a60c	DEFAULT
0040a63c	Label	Global	LAB_0040a63c	DEFAULT
0040a7c1	Label	Global	LAB_0040a7c1	DEFAULT
0040a7ec	Label	Global	LAB_0040a7ec	DEFAULT
0040a7f7	Label	Global	LAB_0040a7f7	DEFAULT
0040a807	Label	Global	LAB_0040a807	DEFAULT
0040a80c	Label	Global	LAB_0040a80c	DEFAULT
0040a892	Label	Global	LAB_0040a892	DEFAULT
0040a8a0	Label	Global	LAB_0040a8a0	DEFAULT
0040a8a5	Label	Global	LAB_0040a8a5	DEFAULT
0040a8bb	Label	Global	LAB_0040a8bb	DEFAULT
0040a8c8	Label	Global	LAB_0040a8c8	DEFAULT
0040a8cd	Function	Global	FUN_0040a8cd	DEFAULT
0040a921	Label	Global	LAB_0040a921	DEFAULT
0040a92b	Function	Global	FUN_0040a92b	DEFAULT
0040a969	Label	Global	LAB_0040a969	DEFAULT
0040a97b	Label	Global	LAB_0040a97b	DEFAULT
0040aa32	Label	Global	LAB_0040aa32	DEFAULT
0040ac50	Label	Global	LAB_0040ac50	DEFAULT
0040ac83	Label	Global	LAB_0040ac83	DEFAULT
0040ac8e	Label	Global	LAB_0040ac8e	DEFAULT
0040ac9e	Label	Global	LAB_0040ac9e	DEFAULT
0040aca3	Label	Global	LAB_0040aca3	DEFAULT
0040ad27	Label	Global	LAB_0040ad27	DEFAULT
0040ad39	Label	Global	LAB_0040ad39	DEFAULT
0040ad4d	Label	Global	LAB_0040ad4d	DEFAULT
0040ad63	Label	Global	LAB_0040ad63	DEFAULT
0040ad8b	Label	Global	LAB_0040ad8b	DEFAULT
0040adbb	Label	Global	LAB_0040adbb	DEFAULT
0040ae35	Label	Global	LAB_0040ae35	DEFAULT
0040ae65	Label	Global	LAB_0040ae65	DEFAULT
0040aeb7	Label	Global	LAB_0040aeb7	DEFAULT
0040aee7	Label	Global	LAB_0040aee7	DEFAULT
0040af39	Label	Global	LAB_0040af39	DEFAULT
0040af69	Label	Global	LAB_0040af69	DEFAULT
0040afbb	Label	Global	LAB_0040afbb	DEFAULT
0040afeb	Label	Global	LAB_0040afeb	DEFAULT
0040b170	Label	Global	LAB_0040b170	DEFAULT
0040b19b	Label	Global	LAB_0040b19b	DEFAULT
0040b1a6	Label	Global	LAB_0040b1a6	DEFAULT
0040b1b6	Label	Global	LAB_0040b1b6	DEFAULT
0040b1bb	Label	Global	LAB_0040b1bb	DEFAULT
0040b241	Label	Global	LAB_0040b241	DEFAULT
0040b24f	Label	Global	LAB_0040b24f	DEFAULT
0040b254	Label	Global	LAB_0040b254	DEFAULT
0040b261	Label	Global	LAB_0040b261	DEFAULT
0040b2ac	Function	Global	FUN_0040b2ac	DEFAULT
0040b2f1	Label	Global	LAB_0040b2f1	DEFAULT
0040b68e	Function	Global	FUN_0040b68e	DEFAULT
0040b72b	Label	Global	LAB_0040b72b	DEFAULT
0040b7f2	Function	Global	FUN_0040b7f2	DEFAULT
0040b88f	Label	Global	LAB_0040b88f	DEFAULT
0040bbfe	Function	Global	FUN_0040bbfe	DEFAULT
0040bc5d	Label	Global	LAB_0040bc5d	DEFAULT
0040bc62	Function	Global	FUN_0040bc62	DEFAULT
0040bca6	Label	Global	LAB_0040bca6	DEFAULT
0040bcc0	Label	Global	LAB_0040bcc0	DEFAULT
0040bdc7	Label	Global	LAB_0040bdc7	DEFAULT
0040bdf9	Label	Global	LAB_0040bdf9	DEFAULT
0040be1a	Label	Global	LAB_0040be1a	DEFAULT
0040be44	Label	Global	LAB_0040be44	DEFAULT
0040be57	Label	Global	LAB_0040be57	DEFAULT
0040be68	Label	Global	LAB_0040be68	DEFAULT
0040c0a4	Label	Global	LAB_0040c0a4	DEFAULT
0040c0d4	Label	Global	LAB_0040c0d4	DEFAULT
0040c0db	Label	Global	LAB_0040c0db	DEFAULT
0040c170	Label	Global	LAB_0040c170	DEFAULT
0040c1a0	Label	Global	LAB_0040c1a0	DEFAULT
0040c2c1	Label	Global	LAB_0040c2c1	DEFAULT
0040c2f6	Label	Global	LAB_0040c2f6	DEFAULT
0040c2ff	Function	Global	FUN_0040c2ff	DEFAULT
0040c343	Function	Global	FUN_0040c343	DEFAULT
0040c797	Function	Global	FUN_0040c797	DEFAULT
0040c7e4	Label	Global	LAB_0040c7e4	DEFAULT
0040cc3d	Function	Global	FUN_0040cc3d	DEFAULT
0040cc81	Label	Global	LAB_0040cc81	DEFAULT
0040cc9b	Label	Global	LAB_0040cc9b	DEFAULT
0040cd55	Label	Global	LAB_0040cd55	DEFAULT
0040cd74	Label	Global	LAB_0040cd74	DEFAULT
0040cd83	Label	Global	LAB_0040cd83	DEFAULT
0040cd92	Label	Global	LAB_0040cd92	DEFAULT
0040cde8	Label	Global	LAB_0040cde8	DEFAULT
0040ce3e	Label	Global	LAB_0040ce3e	DEFAULT
0040ce94	Label	Global	LAB_0040ce94	DEFAULT
0040ceea	Label	Global	LAB_0040ceea	DEFAULT
0040cf4f	Label	Global	LAB_0040cf4f	DEFAULT
0040cfb4	Label	Global	LAB_0040cfb4	DEFAULT
0040d016	Label	Global	LAB_0040d016	DEFAULT
0040d076	Label	Global	LAB_0040d076	DEFAULT
0040d0de	Label	Global	LAB_0040d0de	DEFAULT
0040d1a1	Label	Global	LAB_0040d1a1	DEFAULT
0040d215	Label	Global	LAB_0040d215	DEFAULT
0040d279	Label	Global	LAB_0040d279	DEFAULT
0040d358	Label	Global	LAB_0040d358	DEFAULT
0040d4b2	Label	Global	LAB_0040d4b2	DEFAULT
0040d601	Label	Global	LAB_0040d601	DEFAULT
0040d75b	Label	Global	LAB_0040d75b	DEFAULT
0040d8aa	Label	Global	LAB_0040d8aa	DEFAULT
0040db06	Label	Global	LAB_0040db06	DEFAULT
0040dde8	Label	Global	LAB_0040dde8	DEFAULT
0040e0d1	Label	Global	LAB_0040e0d1	DEFAULT
0040e42e	Label	Global	LAB_0040e42e	DEFAULT
0040e786	Label	Global	LAB_0040e786	DEFAULT
0040e7a7	Label	Global	LAB_0040e7a7	DEFAULT
0040e7b3	Label	Global	LAB_0040e7b3	DEFAULT
0040e853	Function	Global	FUN_0040e853	DEFAULT
0040e8be	Label	Global	LAB_0040e8be	DEFAULT
0040e945	Function	Global	FUN_0040e945	DEFAULT
0040ed5d	Function	Global	FUN_0040ed5d	DEFAULT
0040ed99	Function	Global	FUN_0040ed99	DEFAULT
0040f0ee	Function	Global	FUN_0040f0ee	DEFAULT
0040f132	Function	Global	FUN_0040f132	DEFAULT
0040f47c	Function	Global	FUN_0040f47c	DEFAULT
0040fa6a	Function	Global	FUN_0040fa6a	DEFAULT
0040fac9	Label	Global	LAB_0040fac9	DEFAULT
0040fb19	Label	Global	LAB_0040fb19	DEFAULT
0040fb24	Label	Global	LAB_0040fb24	DEFAULT
0040fb34	Label	Global	LAB_0040fb34	DEFAULT
0040fc12	Label	Global	LAB_0040fc12	DEFAULT
0040fcc3	Label	Global	LAB_0040fcc3	DEFAULT
0040fd4b	Label	Global	LAB_0040fd4b	DEFAULT
0040fe0a	Label	Global	LAB_0040fe0a	DEFAULT
0040fe4b	Label	Global	LAB_0040fe4b	DEFAULT
0040fe90	Label	Global	LAB_0040fe90	DEFAULT
0040ff08	Label	Global	LAB_0040ff08	DEFAULT
0040ff13	Label	Global	LAB_0040ff13	DEFAULT
004100ab	Label	Global	LAB_004100ab	DEFAULT
004100d9	Label	Global	LAB_004100d9	DEFAULT
004100e2	Function	Global	FUN_004100e2	DEFAULT
00410134	Label	Global	LAB_00410134	DEFAULT
0041014f	Label	Global	LAB_0041014f	DEFAULT
0041015e	Label	Global	LAB_0041015e	DEFAULT
00410166	Function	Global	FUN_00410166	DEFAULT
004101be	Label	Global	LAB_004101be	DEFAULT
004101e2	Label	Global	LAB_004101e2	DEFAULT
0041022a	Label	Global	LAB_0041022a	DEFAULT
004106f3	Function	Global	FUN_004106f3	DEFAULT
00410737	Label	Global	LAB_00410737	DEFAULT
0041077e	Label	Global	LAB_0041077e	DEFAULT
00410792	Label	Global	LAB_00410792	DEFAULT
004107d3	Label	Global	LAB_004107d3	DEFAULT
004107f0	Label	Global	LAB_004107f0	DEFAULT
004107f2	Label	Global	LAB_004107f2	DEFAULT
00410812	Label	Global	LAB_00410812	DEFAULT
00410868	Label	Global	LAB_00410868	DEFAULT
0041089a	Label	Global	LAB_0041089a	DEFAULT
00410925	Label	Global	LAB_00410925	DEFAULT
00410933	Label	Global	LAB_00410933	DEFAULT
00410971	Label	Global	LAB_00410971	DEFAULT
004109a2	Label	Global	LAB_004109a2	DEFAULT
004109b9	Label	Global	LAB_004109b9	DEFAULT
004109be	Label	Global	LAB_004109be	DEFAULT
004109d6	Label	Global	LAB_004109d6	DEFAULT
004109ea	Label	Global	LAB_004109ea	DEFAULT
004109f3	Function	Global	FUN_004109f3	DEFAULT
00410a95	Label	Global	LAB_00410a95	DEFAULT
00410ac5	Label	Global	LAB_00410ac5	DEFAULT
00410afd	Label	Global	LAB_00410afd	DEFAULT
00410b2d	Label	Global	LAB_00410b2d	DEFAULT
00410b54	Label	Global	LAB_00410b54	DEFAULT
00410b9e	Label	Global	LAB_00410b9e	DEFAULT
00410ba9	Label	Global	LAB_00410ba9	DEFAULT
00410c2e	Label	Global	LAB_00410c2e	DEFAULT
00410c5e	Label	Global	LAB_00410c5e	DEFAULT
00410ca4	Label	Global	LAB_00410ca4	DEFAULT
00410cd4	Label	Global	LAB_00410cd4	DEFAULT
00410d9e	Label	Global	LAB_00410d9e	DEFAULT
00410dce	Label	Global	LAB_00410dce	DEFAULT
00410e09	Label	Global	LAB_00410e09	DEFAULT
00410e39	Label	Global	LAB_00410e39	DEFAULT
00410e74	Label	Global	LAB_00410e74	DEFAULT
00410ea4	Label	Global	LAB_00410ea4	DEFAULT
00410edf	Label	Global	LAB_00410edf	DEFAULT
00410f0f	Label	Global	LAB_00410f0f	DEFAULT
00410f56	Label	Global	LAB_00410f56	DEFAULT
00410f6d	Label	Global	LAB_00410f6d	DEFAULT
00410f7a	Label	Global	LAB_00410f7a	DEFAULT
00411024	Label	Global	LAB_00411024	DEFAULT
00411054	Label	Global	LAB_00411054	DEFAULT
0041109a	Label	Global	LAB_0041109a	DEFAULT
004110ca	Label	Global	LAB_004110ca	DEFAULT
0041114d	Label	Global	LAB_0041114d	DEFAULT
0041117d	Label	Global	LAB_0041117d	DEFAULT
004111b8	Label	Global	LAB_004111b8	DEFAULT
004111e8	Label	Global	LAB_004111e8	DEFAULT
00411223	Label	Global	LAB_00411223	DEFAULT
00411253	Label	Global	LAB_00411253	DEFAULT
0041128e	Label	Global	LAB_0041128e	DEFAULT
004112be	Label	Global	LAB_004112be	DEFAULT
0041130b	Label	Global	LAB_0041130b	DEFAULT
00411367	Label	Global	LAB_00411367	DEFAULT
0041139f	Label	Global	LAB_0041139f	DEFAULT
004113ba	Label	Global	LAB_004113ba	DEFAULT
004113d8	Function	Global	FUN_004113d8	DEFAULT
004114aa	Label	Global	LAB_004114aa	DEFAULT
004114b2	Label	Global	LAB_004114b2	DEFAULT
004114cc	Label	Global	LAB_004114cc	DEFAULT
0041154a	Label	Global	LAB_0041154a	DEFAULT
00411552	Label	Global	LAB_00411552	DEFAULT
0041156c	Label	Global	LAB_0041156c	DEFAULT
004115c4	Label	Global	LAB_004115c4	DEFAULT
00411627	Label	Global	LAB_00411627	DEFAULT
004116af	Label	Global	LAB_004116af	DEFAULT
004116b7	Label	Global	LAB_004116b7	DEFAULT
004116c7	Label	Global	LAB_004116c7	DEFAULT
00411745	Label	Global	LAB_00411745	DEFAULT
0041174d	Label	Global	LAB_0041174d	DEFAULT
004117a4	Label	Global	LAB_004117a4	DEFAULT
004117ac	Label	Global	LAB_004117ac	DEFAULT
004117bc	Label	Global	LAB_004117bc	DEFAULT
00411855	Label	Global	LAB_00411855	DEFAULT
0041185d	Label	Global	LAB_0041185d	DEFAULT
0041186d	Label	Global	LAB_0041186d	DEFAULT
004118c5	Label	Global	LAB_004118c5	DEFAULT
00411954	Label	Global	LAB_00411954	DEFAULT
0041195c	Label	Global	LAB_0041195c	DEFAULT
00411976	Label	Global	LAB_00411976	DEFAULT
004119df	Label	Global	LAB_004119df	DEFAULT
00411a53	Label	Global	LAB_00411a53	DEFAULT
00411aaf	Label	Global	LAB_00411aaf	DEFAULT
00411b19	Label	Global	LAB_00411b19	DEFAULT
00411b93	Label	Global	LAB_00411b93	DEFAULT
00411b98	Function	Global	FUN_00411b98	DEFAULT
00411be7	Label	Global	LAB_00411be7	DEFAULT
00411bef	Function	Global	FUN_00411bef	DEFAULT
00411c37	Label	Global	LAB_00411c37	DEFAULT
00411c4b	Label	Global	LAB_00411c4b	DEFAULT
004120dd	Function	Global	FUN_004120dd	DEFAULT
00412145	Label	Global	LAB_00412145	DEFAULT
004121c2	Label	Global	LAB_004121c2	DEFAULT
004122f4	Label	Global	LAB_004122f4	DEFAULT
00412301	Label	Global	LAB_00412301	DEFAULT
00412328	Label	Global	LAB_00412328	DEFAULT
004123a9	Label	Global	LAB_004123a9	DEFAULT
004123d9	Label	Global	LAB_004123d9	DEFAULT
00412417	Label	Global	LAB_00412417	DEFAULT
00412447	Label	Global	LAB_00412447	DEFAULT
00412617	Label	Global	LAB_00412617	DEFAULT
00412954	Label	Global	LAB_00412954	DEFAULT
00412b2f	Label	Global	LAB_00412b2f	DEFAULT
00412e03	Label	Global	LAB_00412e03	DEFAULT
00412fde	Label	Global	LAB_00412fde	DEFAULT
004132c4	Label	Global	LAB_004132c4	DEFAULT
004132eb	Label	Global	LAB_004132eb	DEFAULT
00413656	Label	Global	LAB_00413656	DEFAULT
0041367d	Label	Global	LAB_0041367d	DEFAULT
004139e8	Label	Global	LAB_004139e8	DEFAULT
00413bc3	Label	Global	LAB_00413bc3	DEFAULT
00413e97	Label	Global	LAB_00413e97	DEFAULT
00414072	Label	Global	LAB_00414072	DEFAULT
00414358	Label	Global	LAB_00414358	DEFAULT
00414533	Label	Global	LAB_00414533	DEFAULT
00414795	Label	Global	LAB_00414795	DEFAULT
00414970	Label	Global	LAB_00414970	DEFAULT
00414bd2	Label	Global	LAB_00414bd2	DEFAULT
00414bf9	Label	Global	LAB_00414bf9	DEFAULT
00414e32	Label	Global	LAB_00414e32	DEFAULT
0041500d	Label	Global	LAB_0041500d	DEFAULT
0041526f	Label	Global	LAB_0041526f	DEFAULT
0041544a	Label	Global	LAB_0041544a	DEFAULT
00416d87	Label	Global	LAB_00416d87	DEFAULT
00416db7	Label	Global	LAB_00416db7	DEFAULT
00416e01	Label	Global	LAB_00416e01	DEFAULT
00416e31	Label	Global	LAB_00416e31	DEFAULT
00416f99	Label	Global	LAB_00416f99	DEFAULT
00416fc0	Label	Global	LAB_00416fc0	DEFAULT
0041730f	Label	Global	LAB_0041730f	DEFAULT
00417336	Label	Global	LAB_00417336	DEFAULT
004176b3	Label	Global	LAB_004176b3	DEFAULT
004176da	Label	Global	LAB_004176da	DEFAULT
00417a29	Label	Global	LAB_00417a29	DEFAULT
00417c04	Label	Global	LAB_00417c04	DEFAULT
00417eff	Label	Global	LAB_00417eff	DEFAULT
00417f26	Label	Global	LAB_00417f26	DEFAULT
00418275	Label	Global	LAB_00418275	DEFAULT
00418399	Label	Global	LAB_00418399	DEFAULT
004183a2	Label	Global	LAB_004183a2	DEFAULT
004183e4	Label	Global	LAB_004183e4	DEFAULT
004183e9	Label	Global	LAB_004183e9	DEFAULT
00418449	Label	Global	LAB_00418449	DEFAULT
0041860c	Label	Global	LAB_0041860c	DEFAULT
004186ec	Label	Global	LAB_004186ec	DEFAULT
004186f1	Label	Global	LAB_004186f1	DEFAULT
00418764	Label	Global	LAB_00418764	DEFAULT
004187a0	Label	Global	LAB_004187a0	DEFAULT
004187dc	Label	Global	LAB_004187dc	DEFAULT
00418818	Label	Global	LAB_00418818	DEFAULT
00418854	Label	Global	LAB_00418854	DEFAULT
00418890	Label	Global	LAB_00418890	DEFAULT
004188cc	Label	Global	LAB_004188cc	DEFAULT
0041890b	Label	Global	LAB_0041890b	DEFAULT
0041890d	Label	Global	LAB_0041890d	DEFAULT
00418919	Label	Global	LAB_00418919	DEFAULT
00418925	Label	Global	LAB_00418925	DEFAULT
00418931	Label	Global	LAB_00418931	DEFAULT
00418943	Label	Global	LAB_00418943	DEFAULT
004189a4	Label	Global	LAB_004189a4	DEFAULT
004189dd	Label	Global	LAB_004189dd	DEFAULT
00418a2f	Label	Global	LAB_00418a2f	DEFAULT
00418a34	Label	Global	LAB_00418a34	DEFAULT
00418a6d	Label	Global	LAB_00418a6d	DEFAULT
00418a72	Label	Global	LAB_00418a72	DEFAULT
00418ae0	Label	Global	LAB_00418ae0	DEFAULT
00418ae5	Label	Global	LAB_00418ae5	DEFAULT
00418afa	Label	Global	LAB_00418afa	DEFAULT
00418b61	Label	Global	LAB_00418b61	DEFAULT
00418b85	Label	Global	LAB_00418b85	DEFAULT
00418bb6	Label	Global	LAB_00418bb6	DEFAULT
00418c26	Label	Global	LAB_00418c26	DEFAULT
00418c4a	Label	Global	LAB_00418c4a	DEFAULT
00418c66	Label	Global	LAB_00418c66	DEFAULT
00418c83	Label	Global	LAB_00418c83	DEFAULT
00418c88	Label	Global	LAB_00418c88	DEFAULT
00418cfc	Label	Global	LAB_00418cfc	DEFAULT
00418d01	Label	Global	LAB_00418d01	DEFAULT
00418d1d	Label	Global	LAB_00418d1d	DEFAULT
00418d39	Label	Global	LAB_00418d39	DEFAULT
00418d48	Label	Global	LAB_00418d48	DEFAULT
00418d71	Label	Global	LAB_00418d71	DEFAULT
00418dbb	Label	Global	LAB_00418dbb	DEFAULT
00418ddb	Label	Global	LAB_00418ddb	DEFAULT
00418ddd	Label	Global	LAB_00418ddd	DEFAULT
00418e06	Label	Global	LAB_00418e06	DEFAULT
00418e0b	Label	Global	LAB_00418e0b	DEFAULT
00418e5d	Label	Global	LAB_00418e5d	DEFAULT
00418e6d	Label	Global	LAB_00418e6d	DEFAULT
00418e99	Label	Global	LAB_00418e99	DEFAULT
00418eb7	Label	Global	LAB_00418eb7	DEFAULT
00418edb	Label	Global	LAB_00418edb	DEFAULT
00418eff	Label	Global	LAB_00418eff	DEFAULT
00418f23	Label	Global	LAB_00418f23	DEFAULT
00418f5a	Label	Global	LAB_00418f5a	DEFAULT
00418f6d	Label	Global	LAB_00418f6d	DEFAULT
00418f7b	Label	Global	LAB_00418f7b	DEFAULT
00418fa7	Label	Global	LAB_00418fa7	DEFAULT
0041900d	Label	Global	LAB_0041900d	DEFAULT
00419061	Label	Global	LAB_00419061	DEFAULT
00419083	Label	Global	LAB_00419083	DEFAULT
004190aa	Label	Global	LAB_004190aa	DEFAULT
004190e1	Label	Global	LAB_004190e1	DEFAULT
00419111	Label	Global	LAB_00419111	DEFAULT
0041912d	Label	Global	LAB_0041912d	DEFAULT
00419136	Label	Global	DAT_00419136	DEFAULT
0041930f	Function	Global	FUN_0041930f	DEFAULT
00419568	Label	Global	LAB_00419568	DEFAULT
00419578	Label	Global	LAB_00419578	DEFAULT
004195c6	Label	Global	LAB_004195c6	DEFAULT
004195d6	Label	Global	LAB_004195d6	DEFAULT
004196d2	Label	Global	LAB_004196d2	DEFAULT
004196ea	Label	Global	LAB_004196ea	DEFAULT
00419702	Label	Global	LAB_00419702	DEFAULT
0041971d	Label	Global	LAB_0041971d	DEFAULT
00419721	Label	Global	LAB_00419721	DEFAULT
0041972b	Function	Global	FUN_0041972b	DEFAULT
00419927	Label	Global	LAB_00419927	DEFAULT
00419937	Label	Global	LAB_00419937	DEFAULT
00419987	Label	Global	LAB_00419987	DEFAULT
00419997	Label	Global	LAB_00419997	DEFAULT
00419a7a	Label	Global	LAB_00419a7a	DEFAULT
00419a95	Label	Global	LAB_00419a95	DEFAULT
00419aa6	Label	Global	LAB_00419aa6	DEFAULT
00419ab0	Function	Global	FUN_00419ab0	DEFAULT
00419aec	Label	Global	LAB_00419aec	DEFAULT
00419b19	Label	Global	LAB_00419b19	DEFAULT
00419b46	Label	Global	LAB_00419b46	DEFAULT
00419b4c	Label	Global	LAB_00419b4c	DEFAULT
00419b56	Function	Global	FUN_00419b56	DEFAULT
00419ce6	Label	Global	LAB_00419ce6	DEFAULT
00419d10	Label	Global	LAB_00419d10	DEFAULT
00419e21	Label	Global	LAB_00419e21	DEFAULT
00419e4f	Label	Global	LAB_00419e4f	DEFAULT
00419e7a	Label	Global	LAB_00419e7a	DEFAULT
00419e9c	Label	Global	LAB_00419e9c	DEFAULT
00419ee6	Label	Global	LAB_00419ee6	DEFAULT
00419f5f	Label	Global	LAB_00419f5f	DEFAULT
0041a0a8	Label	Global	LAB_0041a0a8	DEFAULT
0041a1d3	Label	Global	LAB_0041a1d3	DEFAULT
0041a1d8	Label	Global	LAB_0041a1d8	DEFAULT
0041a319	Label	Global	LAB_0041a319	DEFAULT
0041a31e	Function	Global	FUN_0041a31e	DEFAULT
0041a397	Label	Global	LAB_0041a397	DEFAULT
0041a3ac	Label	Global	LAB_0041a3ac	DEFAULT
0041a3ec	Label	Global	LAB_0041a3ec	DEFAULT
0041a41c	Label	Global	LAB_0041a41c	DEFAULT
0041a463	Label	Global	LAB_0041a463	DEFAULT
0041a467	Label	Global	LAB_0041a467	DEFAULT
0041a493	Label	Global	LAB_0041a493	DEFAULT
0041a497	Label	Global	LAB_0041a497	DEFAULT
0041a615	Label	Global	LAB_0041a615	DEFAULT
0041a6a7	Label	Global	LAB_0041a6a7	DEFAULT
0041a6ac	Function	Global	FUN_0041a6ac	DEFAULT
0041a811	Label	Global	LAB_0041a811	DEFAULT
0041a84d	Label	Global	LAB_0041a84d	DEFAULT
0041a87c	Label	Global	LAB_0041a87c	DEFAULT
0041a8b8	Label	Global	LAB_0041a8b8	DEFAULT
0041a8e7	Label	Global	LAB_0041a8e7	DEFAULT
0041aa29	Label	Global	LAB_0041aa29	DEFAULT
0041aa2e	Function	Global	FUN_0041aa2e	DEFAULT
0041ab3e	Label	Global	LAB_0041ab3e	DEFAULT
0041abdc	Label	Global	LAB_0041abdc	DEFAULT
0041abe1	Function	Global	FUN_0041abe1	DEFAULT
0041ad5b	Function	Global	FUN_0041ad5b	DEFAULT
0041adf0	Function	Global	FUN_0041adf0	DEFAULT
0041ae85	Function	Global	FUN_0041ae85	DEFAULT
0041af1a	Function	Global	FUN_0041af1a	DEFAULT
0041afaf	Function	Global	FUN_0041afaf	DEFAULT
0041afd1	Function	Global	FUN_0041afd1	DEFAULT
0041afe2	Function	Global	FUN_0041afe2	DEFAULT
0041b004	Function	Global	FUN_0041b004	DEFAULT
0041b075	Label	Global	LAB_0041b075	DEFAULT
0041b09c	Label	Global	LAB_0041b09c	DEFAULT
0041b0a4	Function	Global	FUN_0041b0a4	DEFAULT
0041b0c0	Function	Global	FUN_0041b0c0	DEFAULT
0041b108	Function	Global	FUN_0041b108	DEFAULT
0041b16e	Function	Global	FUN_0041b16e	DEFAULT
0041b1d9	Label	Global	LAB_0041b1d9	DEFAULT
0041b1e6	Label	Global	LAB_0041b1e6	DEFAULT
0041b1eb	Function	Global	FUN_0041b1eb	DEFAULT
0041b266	Label	Global	LAB_0041b266	DEFAULT
0041b27d	Label	Global	LAB_0041b27d	DEFAULT
0041b282	Function	Global	FUN_0041b282	DEFAULT
0041b2f8	Label	Global	LAB_0041b2f8	DEFAULT
0041b30f	Label	Global	LAB_0041b30f	DEFAULT
0041b3ab	Function	Global	FUN_0041b3ab	DEFAULT
0041b3d2	Label	Global	LAB_0041b3d2	DEFAULT
0041b3e3	Function	Global	FUN_0041b3e3	DEFAULT
0041b40c	Function	Global	FUN_0041b40c	DEFAULT
0041b435	Function	Global	FUN_0041b435	DEFAULT
0041b471	Function	Global	FUN_0041b471	DEFAULT
0041b49a	Function	Global	FUN_0041b49a	DEFAULT
0041b4c3	Function	Global	FUN_0041b4c3	DEFAULT
0041b529	Label	Global	LAB_0041b529	DEFAULT
0041b5e5	Label	Global	LAB_0041b5e5	DEFAULT
0041b615	Label	Global	LAB_0041b615	DEFAULT
0041b6a3	Label	Global	LAB_0041b6a3	DEFAULT
0041b6af	Label	Global	LAB_0041b6af	DEFAULT
0041b6c0	Function	Global	FUN_0041b6c0	DEFAULT
0041b6f5	Function	Global	FUN_0041b6f5	DEFAULT
0041b71d	Label	Global	LAB_0041b71d	DEFAULT
0041b72d	Label	Global	LAB_0041b72d	DEFAULT
0041b732	Function	Global	FUN_0041b732	DEFAULT
0041b759	Label	Global	LAB_0041b759	DEFAULT
0041b77a	Label	Global	LAB_0041b77a	DEFAULT
0041b77f	Function	Global	FUN_0041b77f	DEFAULT
0041b7c2	Label	Global	LAB_0041b7c2	DEFAULT
0041b7e6	Label	Global	LAB_0041b7e6	DEFAULT
0041b7fd	Label	Global	LAB_0041b7fd	DEFAULT
0041b832	Label	Global	LAB_0041b832	DEFAULT
0041b85e	Label	Global	LAB_0041b85e	DEFAULT
0041b8ae	Function	Global	FUN_0041b8ae	DEFAULT
0041b925	Label	Global	LAB_0041b925	DEFAULT
0041b927	Label	Global	LAB_0041b927	DEFAULT
0041b97d	Label	Global	LAB_0041b97d	DEFAULT
0041b991	Label	Global	LAB_0041b991	DEFAULT
0041ba16	Label	Global	LAB_0041ba16	DEFAULT
0041ba20	Function	Global	FUN_0041ba20	DEFAULT
0041ba4d	Label	Global	LAB_0041ba4d	DEFAULT
0041ba62	Label	Global	LAB_0041ba62	DEFAULT
0041bac0	Function	Global	FUN_0041bac0	DEFAULT
0041badc	Label	Global	LAB_0041badc	DEFAULT
0041baf7	Label	Global	LAB_0041baf7	DEFAULT
0041bb14	Label	Global	LAB_0041bb14	DEFAULT
0041bb19	Function	Global	FUN_0041bb19	DEFAULT
0041bb56	Label	Global	LAB_0041bb56	DEFAULT
0041bbb7	Label	Global	LAB_0041bbb7	DEFAULT
0041bc02	Label	Global	LAB_0041bc02	DEFAULT
0041bc3e	Label	Global	LAB_0041bc3e	DEFAULT
0041bc85	Label	Global	LAB_0041bc85	DEFAULT
0041bca6	Label	Global	LAB_0041bca6	DEFAULT
0041bcd0	Function	Global	FUN_0041bcd0	DEFAULT
0041bd28	Label	Global	LAB_0041bd28	DEFAULT
0041c412	Function	Global	FUN_0041c412	DEFAULT
0041c46e	Function	Global	FUN_0041c46e	DEFAULT
0041dc34	Function	Global	FUN_0041dc34	DEFAULT
0041dc62	Label	Global	LAB_0041dc62	DEFAULT
0041dc8a	Label	Global	LAB_0041dc8a	DEFAULT
0041dc98	Label	Global	LAB_0041dc98	DEFAULT
0041dd55	Label	Global	LAB_0041dd55	DEFAULT
0041dd85	Label	Global	LAB_0041dd85	DEFAULT
0041dd8c	Label	Global	LAB_0041dd8c	DEFAULT
0041dd95	Label	Global	LAB_0041dd95	DEFAULT
0041e597	Function	Global	FUN_0041e597	DEFAULT
0041e678	Label	Global	LAB_0041e678	DEFAULT
0041e681	Function	Global	FUN_0041e681	DEFAULT
0041e706	Function	Global	FUN_0041e706	DEFAULT
0041e793	Function	Global	FUN_0041e793	DEFAULT
0041e84a	Function	Global	FUN_0041e84a	DEFAULT
0041e8a7	Function	Global	FUN_0041e8a7	DEFAULT
0041e96d	Label	Global	LAB_0041e96d	DEFAULT
0041e986	Label	Global	LAB_0041e986	DEFAULT
0041e99e	Label	Global	LAB_0041e99e	DEFAULT
0041e9f9	Label	Global	LAB_0041e9f9	DEFAULT
0041ea1c	Label	Global	LAB_0041ea1c	DEFAULT
0041ea59	Label	Global	LAB_0041ea59	DEFAULT
0041ea7c	Label	Global	LAB_0041ea7c	DEFAULT
0041eaad	Label	Global	LAB_0041eaad	DEFAULT
0041ed87	Function	Global	FUN_0041ed87	DEFAULT
0041efa3	Function	Global	FUN_0041efa3	DEFAULT
0041efd8	Label	Global	LAB_0041efd8	DEFAULT
0041f00d	Label	Global	LAB_0041f00d	DEFAULT
0041f02a	Label	Global	LAB_0041f02a	DEFAULT
0041f07e	Function	Global	FUN_0041f07e	DEFAULT
0041f10f	Label	Global	LAB_0041f10f	DEFAULT
0041f133	Function	Global	FUN_0041f133	DEFAULT
0041f1c4	Label	Global	LAB_0041f1c4	DEFAULT
0041f1e8	Function	Global	FUN_0041f1e8	DEFAULT
0041f271	Label	Global	LAB_0041f271	DEFAULT
0041f295	Function	Global	FUN_0041f295	DEFAULT
0041f31e	Label	Global	LAB_0041f31e	DEFAULT
0041f672	Function	Global	FUN_0041f672	DEFAULT
0041f6a2	Label	Global	LAB_0041f6a2	DEFAULT
0041f714	Label	Global	LAB_0041f714	DEFAULT
0041f72d	Label	Global	LAB_0041f72d	DEFAULT
0041f759	Label	Global	LAB_0041f759	DEFAULT
0041f7ed	Label	Global	LAB_0041f7ed	DEFAULT
0041f7f8	Label	Global	LAB_0041f7f8	DEFAULT
0041ff66	Function	Global	FUN_0041ff66	DEFAULT
00420186	Label	Global	LAB_00420186	DEFAULT
004201b0	Function	Global	FUN_004201b0	DEFAULT
004201e1	Label	Global	LAB_004201e1	DEFAULT
00420212	Label	Global	LAB_00420212	DEFAULT
00420279	Label	Global	LAB_00420279	DEFAULT
004202ed	Label	Global	LAB_004202ed	DEFAULT
004202f8	Label	Global	LAB_004202f8	DEFAULT
00420320	Label	Global	LAB_00420320	DEFAULT
00420331	Label	Global	LAB_00420331	DEFAULT
00420348	Label	Global	LAB_00420348	DEFAULT
0042036d	Label	Global	LAB_0042036d	DEFAULT
0042040f	Label	Global	LAB_0042040f	DEFAULT
00420421	Label	Global	LAB_00420421	DEFAULT
00420636	Label	Global	LAB_00420636	DEFAULT
00420647	Label	Global	LAB_00420647	DEFAULT
0042064f	Label	Global	LAB_0042064f	DEFAULT
004207a5	Label	Global	LAB_004207a5	DEFAULT
004207d7	Label	switchD_004208a4	caseD_1	ANALYSIS
004207f7	Label	switchD_004208a4	caseD_112	ANALYSIS
00420824	Label	Global	LAB_00420824	DEFAULT
00420829	Label	switchD_004208a4	caseD_111	ANALYSIS
0042086e	Label	Global	LAB_0042086e	DEFAULT
00420873	Label	switchD_004208a4	caseD_4e	ANALYSIS
00420878	Label	switchD_004208a4	caseD_2	ANALYSIS
00420889	Label	Global	LAB_00420889	DEFAULT
004208a4	Label	switchD_004208a4	switchD	ANALYSIS
004208a8	Label	switchD_004208a4	switchdataD_004208a8	ANALYSIS
00421138	Label	switchD_004208a4	caseD_3	ANALYSIS
00421138	Label	switchD_004208a4	caseD_4	ANALYSIS
00421138	Label	switchD_004208a4	caseD_5	ANALYSIS
00421138	Label	switchD_004208a4	caseD_6	ANALYSIS
00421138	Label	switchD_004208a4	caseD_7	ANALYSIS
00421138	Label	switchD_004208a4	caseD_8	ANALYSIS
00421138	Label	switchD_004208a4	caseD_9	ANALYSIS
00421138	Label	switchD_004208a4	caseD_a	ANALYSIS
00421138	Label	switchD_004208a4	caseD_b	ANALYSIS
00421138	Label	switchD_004208a4	caseD_c	ANALYSIS
00421138	Label	switchD_004208a4	caseD_d	ANALYSIS
00421138	Label	switchD_004208a4	caseD_e	ANALYSIS
00421138	Label	switchD_004208a4	caseD_f	ANALYSIS
00421138	Label	switchD_004208a4	caseD_10	ANALYSIS
00421138	Label	switchD_004208a4	caseD_11	ANALYSIS
00421138	Label	switchD_004208a4	caseD_12	ANALYSIS
00421138	Label	switchD_004208a4	caseD_13	ANALYSIS
00421138	Label	switchD_004208a4	caseD_14	ANALYSIS
00421138	Label	switchD_004208a4	caseD_15	ANALYSIS
00421138	Label	switchD_004208a4	caseD_16	ANALYSIS
00421138	Label	switchD_004208a4	caseD_17	ANALYSIS
00421138	Label	switchD_004208a4	caseD_18	ANALYSIS
00421138	Label	switchD_004208a4	caseD_19	ANALYSIS
00421138	Label	switchD_004208a4	caseD_1a	ANALYSIS
00421138	Label	switchD_004208a4	caseD_1b	ANALYSIS
00421138	Label	switchD_004208a4	caseD_1c	ANALYSIS
00421138	Label	switchD_004208a4	caseD_1d	ANALYSIS
00421138	Label	switchD_004208a4	caseD_1e	ANALYSIS
00421138	Label	switchD_004208a4	caseD_1f	ANALYSIS
00421138	Label	switchD_004208a4	caseD_20	ANALYSIS
00421138	Label	switchD_004208a4	caseD_21	ANALYSIS
00421138	Label	switchD_004208a4	caseD_22	ANALYSIS
00421138	Label	switchD_004208a4	caseD_23	ANALYSIS
00421138	Label	switchD_004208a4	caseD_24	ANALYSIS
00421138	Label	switchD_004208a4	caseD_25	ANALYSIS
00421138	Label	switchD_004208a4	caseD_26	ANALYSIS
00421138	Label	switchD_004208a4	caseD_27	ANALYSIS
00421138	Label	switchD_004208a4	caseD_28	ANALYSIS
00421138	Label	switchD_004208a4	caseD_29	ANALYSIS
00421138	Label	switchD_004208a4	caseD_2a	ANALYSIS
00421138	Label	switchD_004208a4	caseD_2b	ANALYSIS
00421138	Label	switchD_004208a4	caseD_2c	ANALYSIS
00421138	Label	switchD_004208a4	caseD_2d	ANALYSIS
00421138	Label	switchD_004208a4	caseD_2e	ANALYSIS
00421138	Label	switchD_004208a4	caseD_2f	ANALYSIS
00421138	Label	switchD_004208a4	caseD_30	ANALYSIS
00421138	Label	switchD_004208a4	caseD_31	ANALYSIS
00421138	Label	switchD_004208a4	caseD_32	ANALYSIS
00421138	Label	switchD_004208a4	caseD_33	ANALYSIS
00421138	Label	switchD_004208a4	caseD_34	ANALYSIS
00421138	Label	switchD_004208a4	caseD_35	ANALYSIS
00421138	Label	switchD_004208a4	caseD_36	ANALYSIS
00421138	Label	switchD_004208a4	caseD_37	ANALYSIS
00421138	Label	switchD_004208a4	caseD_38	ANALYSIS
00421138	Label	switchD_004208a4	caseD_39	ANALYSIS
00421138	Label	switchD_004208a4	caseD_3a	ANALYSIS
00421138	Label	switchD_004208a4	caseD_3b	ANALYSIS
00421138	Label	switchD_004208a4	caseD_3c	ANALYSIS
00421138	Label	switchD_004208a4	caseD_3d	ANALYSIS
00421138	Label	switchD_004208a4	caseD_3e	ANALYSIS
00421138	Label	switchD_004208a4	caseD_3f	ANALYSIS
00421138	Label	switchD_004208a4	caseD_40	ANALYSIS
00421138	Label	switchD_004208a4	caseD_41	ANALYSIS
00421138	Label	switchD_004208a4	caseD_42	ANALYSIS
00421138	Label	switchD_004208a4	caseD_43	ANALYSIS
00421138	Label	switchD_004208a4	caseD_44	ANALYSIS
00421138	Label	switchD_004208a4	caseD_45	ANALYSIS
00421138	Label	switchD_004208a4	caseD_46	ANALYSIS
00421138	Label	switchD_004208a4	caseD_47	ANALYSIS
00421138	Label	switchD_004208a4	caseD_48	ANALYSIS
00421138	Label	switchD_004208a4	caseD_49	ANALYSIS
00421138	Label	switchD_004208a4	caseD_4a	ANALYSIS
00421138	Label	switchD_004208a4	caseD_4b	ANALYSIS
00421138	Label	switchD_004208a4	caseD_4c	ANALYSIS
00421138	Label	switchD_004208a4	caseD_4d	ANALYSIS
00421138	Label	switchD_004208a4	caseD_4f	ANALYSIS
00421138	Label	switchD_004208a4	caseD_50	ANALYSIS
00421138	Label	switchD_004208a4	caseD_51	ANALYSIS
00421138	Label	switchD_004208a4	caseD_52	ANALYSIS
00421138	Label	switchD_004208a4	caseD_53	ANALYSIS
00421138	Label	switchD_004208a4	caseD_54	ANALYSIS
00421138	Label	switchD_004208a4	caseD_55	ANALYSIS
00421138	Label	switchD_004208a4	caseD_56	ANALYSIS
00421138	Label	switchD_004208a4	caseD_57	ANALYSIS
00421138	Label	switchD_004208a4	caseD_58	ANALYSIS
00421138	Label	switchD_004208a4	caseD_59	ANALYSIS
00421138	Label	switchD_004208a4	caseD_5a	ANALYSIS
00421138	Label	switchD_004208a4	caseD_5b	ANALYSIS
00421138	Label	switchD_004208a4	caseD_5c	ANALYSIS
00421138	Label	switchD_004208a4	caseD_5d	ANALYSIS
00421138	Label	switchD_004208a4	caseD_5e	ANALYSIS
00421138	Label	switchD_004208a4	caseD_5f	ANALYSIS
00421138	Label	switchD_004208a4	caseD_60	ANALYSIS
00421138	Label	switchD_004208a4	caseD_61	ANALYSIS
00421138	Label	switchD_004208a4	caseD_62	ANALYSIS
00421138	Label	switchD_004208a4	caseD_63	ANALYSIS
00421138	Label	switchD_004208a4	caseD_64	ANALYSIS
00421138	Label	switchD_004208a4	caseD_65	ANALYSIS
00421138	Label	switchD_004208a4	caseD_66	ANALYSIS
00421138	Label	switchD_004208a4	caseD_67	ANALYSIS
00421138	Label	switchD_004208a4	caseD_68	ANALYSIS
00421138	Label	switchD_004208a4	caseD_69	ANALYSIS
00421138	Label	switchD_004208a4	caseD_6a	ANALYSIS
00421138	Label	switchD_004208a4	caseD_6b	ANALYSIS
00421138	Label	switchD_004208a4	caseD_6c	ANALYSIS
00421138	Label	switchD_004208a4	caseD_6d	ANALYSIS
00421138	Label	switchD_004208a4	caseD_6e	ANALYSIS
00421138	Label	switchD_004208a4	caseD_6f	ANALYSIS
00421138	Label	switchD_004208a4	caseD_70	ANALYSIS
00421138	Label	switchD_004208a4	caseD_71	ANALYSIS
00421138	Label	switchD_004208a4	caseD_72	ANALYSIS
00421138	Label	switchD_004208a4	caseD_73	ANALYSIS
00421138	Label	switchD_004208a4	caseD_74	ANALYSIS
00421138	Label	switchD_004208a4	caseD_75	ANALYSIS
00421138	Label	switchD_004208a4	caseD_76	ANALYSIS
00421138	Label	switchD_004208a4	caseD_77	ANALYSIS
00421138	Label	switchD_004208a4	caseD_78	ANALYSIS
00421138	Label	switchD_004208a4	caseD_79	ANALYSIS
00421138	Label	switchD_004208a4	caseD_7a	ANALYSIS
00421138	Label	switchD_004208a4	caseD_7b	ANALYSIS
00421138	Label	switchD_004208a4	caseD_7c	ANALYSIS
00421138	Label	switchD_004208a4	caseD_7d	ANALYSIS
00421138	Label	switchD_004208a4	caseD_7e	ANALYSIS
00421138	Label	switchD_004208a4	caseD_7f	ANALYSIS
00421138	Label	switchD_004208a4	caseD_80	ANALYSIS
00421138	Label	switchD_004208a4	caseD_81	ANALYSIS
00421138	Label	switchD_004208a4	caseD_82	ANALYSIS
00421138	Label	switchD_004208a4	caseD_83	ANALYSIS
00421138	Label	switchD_004208a4	caseD_84	ANALYSIS
00421138	Label	switchD_004208a4	caseD_85	ANALYSIS
00421138	Label	switchD_004208a4	caseD_86	ANALYSIS
00421138	Label	switchD_004208a4	caseD_87	ANALYSIS
00421138	Label	switchD_004208a4	caseD_88	ANALYSIS
00421138	Label	switchD_004208a4	caseD_89	ANALYSIS
00421138	Label	switchD_004208a4	caseD_8a	ANALYSIS
00421138	Label	switchD_004208a4	caseD_8b	ANALYSIS
00421138	Label	switchD_004208a4	caseD_8c	ANALYSIS
00421138	Label	switchD_004208a4	caseD_8d	ANALYSIS
00421138	Label	switchD_004208a4	caseD_8e	ANALYSIS
00421138	Label	switchD_004208a4	caseD_8f	ANALYSIS
00421138	Label	switchD_004208a4	caseD_90	ANALYSIS
00421138	Label	switchD_004208a4	caseD_91	ANALYSIS
00421138	Label	switchD_004208a4	caseD_92	ANALYSIS
00421138	Label	switchD_004208a4	caseD_93	ANALYSIS
00421138	Label	switchD_004208a4	caseD_94	ANALYSIS
00421138	Label	switchD_004208a4	caseD_95	ANALYSIS
00421138	Label	switchD_004208a4	caseD_96	ANALYSIS
00421138	Label	switchD_004208a4	caseD_97	ANALYSIS
00421138	Label	switchD_004208a4	caseD_98	ANALYSIS
00421138	Label	switchD_004208a4	caseD_99	ANALYSIS
00421138	Label	switchD_004208a4	caseD_9a	ANALYSIS
00421138	Label	switchD_004208a4	caseD_9b	ANALYSIS
00421138	Label	switchD_004208a4	caseD_9c	ANALYSIS
00421138	Label	switchD_004208a4	caseD_9d	ANALYSIS
00421138	Label	switchD_004208a4	caseD_9e	ANALYSIS
00421138	Label	switchD_004208a4	caseD_9f	ANALYSIS
00421138	Label	switchD_004208a4	caseD_a0	ANALYSIS
00421138	Label	switchD_004208a4	caseD_a1	ANALYSIS
00421138	Label	switchD_004208a4	caseD_a2	ANALYSIS
00421138	Label	switchD_004208a4	caseD_a3	ANALYSIS
00421138	Label	switchD_004208a4	caseD_a4	ANALYSIS
00421138	Label	switchD_004208a4	caseD_a5	ANALYSIS
00421138	Label	switchD_004208a4	caseD_a6	ANALYSIS
00421138	Label	switchD_004208a4	caseD_a7	ANALYSIS
00421138	Label	switchD_004208a4	caseD_a8	ANALYSIS
00421138	Label	switchD_004208a4	caseD_a9	ANALYSIS
00421138	Label	switchD_004208a4	caseD_aa	ANALYSIS
00421138	Label	switchD_004208a4	caseD_ab	ANALYSIS
00421138	Label	switchD_004208a4	caseD_ac	ANALYSIS
00421138	Label	switchD_004208a4	caseD_ad	ANALYSIS
00421138	Label	switchD_004208a4	caseD_ae	ANALYSIS
00421138	Label	switchD_004208a4	caseD_af	ANALYSIS
00421138	Label	switchD_004208a4	caseD_b0	ANALYSIS
00421138	Label	switchD_004208a4	caseD_b1	ANALYSIS
00421138	Label	switchD_004208a4	caseD_b2	ANALYSIS
00421138	Label	switchD_004208a4	caseD_b3	ANALYSIS
00421138	Label	switchD_004208a4	caseD_b4	ANALYSIS
00421138	Label	switchD_004208a4	caseD_b5	ANALYSIS
00421138	Label	switchD_004208a4	caseD_b6	ANALYSIS
00421138	Label	switchD_004208a4	caseD_b7	ANALYSIS
00421138	Label	switchD_004208a4	caseD_b8	ANALYSIS
00421138	Label	switchD_004208a4	caseD_b9	ANALYSIS
00421138	Label	switchD_004208a4	caseD_ba	ANALYSIS
00421138	Label	switchD_004208a4	caseD_bb	ANALYSIS
00421138	Label	switchD_004208a4	caseD_bc	ANALYSIS
00421138	Label	switchD_004208a4	caseD_bd	ANALYSIS
00421138	Label	switchD_004208a4	caseD_be	ANALYSIS
00421138	Label	switchD_004208a4	caseD_bf	ANALYSIS
00421138	Label	switchD_004208a4	caseD_c0	ANALYSIS
00421138	Label	switchD_004208a4	caseD_c1	ANALYSIS
00421138	Label	switchD_004208a4	caseD_c2	ANALYSIS
00421138	Label	switchD_004208a4	caseD_c3	ANALYSIS
00421138	Label	switchD_004208a4	caseD_c4	ANALYSIS
00421138	Label	switchD_004208a4	caseD_c5	ANALYSIS
00421138	Label	switchD_004208a4	caseD_c6	ANALYSIS
00421138	Label	switchD_004208a4	caseD_c7	ANALYSIS
00421138	Label	switchD_004208a4	caseD_c8	ANALYSIS
00421138	Label	switchD_004208a4	caseD_c9	ANALYSIS
00421138	Label	switchD_004208a4	caseD_ca	ANALYSIS
00421138	Label	switchD_004208a4	caseD_cb	ANALYSIS
00421138	Label	switchD_004208a4	caseD_cc	ANALYSIS
00421138	Label	switchD_004208a4	caseD_cd	ANALYSIS
00421138	Label	switchD_004208a4	caseD_ce	ANALYSIS
00421138	Label	switchD_004208a4	caseD_cf	ANALYSIS
00421138	Label	switchD_004208a4	caseD_d0	ANALYSIS
00421138	Label	switchD_004208a4	caseD_d1	ANALYSIS
00421138	Label	switchD_004208a4	caseD_d2	ANALYSIS
00421138	Label	switchD_004208a4	caseD_d3	ANALYSIS
00421138	Label	switchD_004208a4	caseD_d4	ANALYSIS
00421138	Label	switchD_004208a4	caseD_d5	ANALYSIS
00421138	Label	switchD_004208a4	caseD_d6	ANALYSIS
00421138	Label	switchD_004208a4	caseD_d7	ANALYSIS
00421138	Label	switchD_004208a4	caseD_d8	ANALYSIS
00421138	Label	switchD_004208a4	caseD_d9	ANALYSIS
00421138	Label	switchD_004208a4	caseD_da	ANALYSIS
00421138	Label	switchD_004208a4	caseD_db	ANALYSIS
00421138	Label	switchD_004208a4	caseD_dc	ANALYSIS
00421138	Label	switchD_004208a4	caseD_dd	ANALYSIS
00421138	Label	switchD_004208a4	caseD_de	ANALYSIS
00421138	Label	switchD_004208a4	caseD_df	ANALYSIS
00421138	Label	switchD_004208a4	caseD_e0	ANALYSIS
00421138	Label	switchD_004208a4	caseD_e1	ANALYSIS
00421138	Label	switchD_004208a4	caseD_e2	ANALYSIS
00421138	Label	switchD_004208a4	caseD_e3	ANALYSIS
00421138	Label	switchD_004208a4	caseD_e4	ANALYSIS
00421138	Label	switchD_004208a4	caseD_e5	ANALYSIS
00421138	Label	switchD_004208a4	caseD_e6	ANALYSIS
00421138	Label	switchD_004208a4	caseD_e7	ANALYSIS
00421138	Label	switchD_004208a4	caseD_e8	ANALYSIS
00421138	Label	switchD_004208a4	caseD_e9	ANALYSIS
00421138	Label	switchD_004208a4	caseD_ea	ANALYSIS
00421138	Label	switchD_004208a4	caseD_eb	ANALYSIS
00421138	Label	switchD_004208a4	caseD_ec	ANALYSIS
00421138	Label	switchD_004208a4	caseD_ed	ANALYSIS
00421138	Label	switchD_004208a4	caseD_ee	ANALYSIS
00421138	Label	switchD_004208a4	caseD_ef	ANALYSIS
00421138	Label	switchD_004208a4	caseD_f0	ANALYSIS
00421138	Label	switchD_004208a4	caseD_f1	ANALYSIS
00421138	Label	switchD_004208a4	caseD_f2	ANALYSIS
00421138	Label	switchD_004208a4	caseD_f3	ANALYSIS
00421138	Label	switchD_004208a4	caseD_f4	ANALYSIS
00421138	Label	switchD_004208a4	caseD_f5	ANALYSIS
00421138	Label	switchD_004208a4	caseD_f6	ANALYSIS
00421138	Label	switchD_004208a4	caseD_f7	ANALYSIS
00421138	Label	switchD_004208a4	caseD_f8	ANALYSIS
00421138	Label	switchD_004208a4	caseD_f9	ANALYSIS
00421138	Label	switchD_004208a4	caseD_fa	ANALYSIS
00421138	Label	switchD_004208a4	caseD_fb	ANALYSIS
00421138	Label	switchD_004208a4	caseD_fc	ANALYSIS
00421138	Label	switchD_004208a4	caseD_fd	ANALYSIS
00421138	Label	switchD_004208a4	caseD_fe	ANALYSIS
00421138	Label	switchD_004208a4	caseD_ff	ANALYSIS
00421138	Label	switchD_004208a4	caseD_100	ANALYSIS
00421138	Label	switchD_004208a4	caseD_101	ANALYSIS
00421138	Label	switchD_004208a4	caseD_102	ANALYSIS
00421138	Label	switchD_004208a4	caseD_103	ANALYSIS
00421138	Label	switchD_004208a4	caseD_104	ANALYSIS
00421138	Label	switchD_004208a4	caseD_105	ANALYSIS
00421138	Label	switchD_004208a4	caseD_106	ANALYSIS
00421138	Label	switchD_004208a4	caseD_107	ANALYSIS
00421138	Label	switchD_004208a4	caseD_108	ANALYSIS
00421138	Label	switchD_004208a4	caseD_109	ANALYSIS
00421138	Label	switchD_004208a4	caseD_10a	ANALYSIS
00421138	Label	switchD_004208a4	caseD_10b	ANALYSIS
00421138	Label	switchD_004208a4	caseD_10c	ANALYSIS
00421138	Label	switchD_004208a4	caseD_10d	ANALYSIS
00421138	Label	switchD_004208a4	caseD_10e	ANALYSIS
00421138	Label	switchD_004208a4	caseD_10f	ANALYSIS
00421138	Label	switchD_004208a4	caseD_110	ANALYSIS
00421150	Label	Global	LAB_00421150	DEFAULT
00421159	Function	Global	FUN_00421159	DEFAULT
004211f1	Label	Global	LAB_004211f1	DEFAULT
00421228	Label	Global	LAB_00421228	DEFAULT
0042124d	Label	Global	LAB_0042124d	DEFAULT
00421352	Label	Global	LAB_00421352	DEFAULT
00421364	Label	Global	LAB_00421364	DEFAULT
004213e6	Label	Global	LAB_004213e6	DEFAULT
00421408	Label	Global	LAB_00421408	DEFAULT
0042146b	Label	Global	LAB_0042146b	DEFAULT
0042147a	Label	Global	LAB_0042147a	DEFAULT
0042149e	Function	Global	FUN_0042149e	DEFAULT
004214c5	Label	Global	LAB_004214c5	DEFAULT
004214dd	Label	Global	LAB_004214dd	DEFAULT
00421512	Label	Global	LAB_00421512	DEFAULT
0042154e	Label	Global	LAB_0042154e	DEFAULT
00421566	Function	Global	FUN_00421566	DEFAULT
004215a0	Label	Global	LAB_004215a0	DEFAULT
004215d0	Label	Global	LAB_004215d0	DEFAULT
00421620	Label	Global	LAB_00421620	DEFAULT
004216cd	Label	Global	LAB_004216cd	DEFAULT
00421731	Label	Global	LAB_00421731	DEFAULT
00421741	Function	Global	FUN_00421741	DEFAULT
00421777	Label	Global	LAB_00421777	DEFAULT
004217d2	Label	Global	LAB_004217d2	DEFAULT
00421862	Label	Global	LAB_00421862	DEFAULT
0042187f	Label	Global	LAB_0042187f	DEFAULT
004218ad	Label	Global	LAB_004218ad	DEFAULT
004218cb	Label	Global	LAB_004218cb	DEFAULT
004218fb	Label	Global	LAB_004218fb	DEFAULT
00421917	Label	Global	LAB_00421917	DEFAULT
00421944	Label	Global	LAB_00421944	DEFAULT
00421962	Label	Global	LAB_00421962	DEFAULT
00421992	Label	Global	LAB_00421992	DEFAULT
004219ae	Label	Global	LAB_004219ae	DEFAULT
004219d9	Label	Global	LAB_004219d9	DEFAULT
004219f7	Label	Global	LAB_004219f7	DEFAULT
00421a27	Label	Global	LAB_00421a27	DEFAULT
00421a43	Label	Global	LAB_00421a43	DEFAULT
00421a6e	Label	Global	LAB_00421a6e	DEFAULT
00421a8c	Label	Global	LAB_00421a8c	DEFAULT
00421abc	Label	Global	LAB_00421abc	DEFAULT
00421b73	Label	Global	LAB_00421b73	DEFAULT
00421bc2	Label	Global	LAB_00421bc2	DEFAULT
00421bd4	Label	Global	LAB_00421bd4	DEFAULT
00421be1	Function	Global	FUN_00421be1	DEFAULT
00421c0a	Label	Global	LAB_00421c0a	DEFAULT
00421c1c	Function	Global	FUN_00421c1c	DEFAULT
00421c7d	Function	Global	FUN_00421c7d	DEFAULT
00421ca0	Label	Global	LAB_00421ca0	DEFAULT
00421cb5	Label	Global	LAB_00421cb5	DEFAULT
00421cbe	Function	Global	FUN_00421cbe	DEFAULT
00421cdd	Label	Global	LAB_00421cdd	DEFAULT
00421d12	Label	Global	LAB_00421d12	DEFAULT
00421d17	Function	Global	FUN_00421d17	DEFAULT
00421d4a	Function	Global	FUN_00421d4a	DEFAULT
00421f68	Function	Global	FUN_00421f68	DEFAULT
00421fee	Label	Global	LAB_00421fee	DEFAULT
0042201e	Label	Global	LAB_0042201e	DEFAULT
00422072	Label	Global	LAB_00422072	DEFAULT
004220a2	Label	Global	LAB_004220a2	DEFAULT
004220f6	Label	Global	LAB_004220f6	DEFAULT
00422126	Label	Global	LAB_00422126	DEFAULT
0042217a	Label	Global	LAB_0042217a	DEFAULT
004221aa	Label	Global	LAB_004221aa	DEFAULT
004221fc	Function	Global	FUN_004221fc	DEFAULT
00422267	Label	Global	LAB_00422267	DEFAULT
00422297	Label	Global	LAB_00422297	DEFAULT
004222e2	Label	Global	LAB_004222e2	DEFAULT
00422312	Label	Global	LAB_00422312	DEFAULT
0042235c	Label	Global	LAB_0042235c	DEFAULT
0042238c	Label	Global	LAB_0042238c	DEFAULT
004223d4	Label	Global	LAB_004223d4	DEFAULT
00422404	Label	Global	LAB_00422404	DEFAULT
0042244f	Function	Global	FUN_0042244f	DEFAULT
00422480	Label	Global	LAB_00422480	DEFAULT
004224a5	Label	Global	LAB_004224a5	DEFAULT
00422519	Label	Global	LAB_00422519	DEFAULT
00422538	Label	Global	LAB_00422538	DEFAULT
00422662	Function	Global	FUN_00422662	DEFAULT
004226ab	Label	Global	LAB_004226ab	DEFAULT
004226bd	Label	Global	LAB_004226bd	DEFAULT
004226d2	Label	Global	LAB_004226d2	DEFAULT
0042277f	Label	Global	LAB_0042277f	DEFAULT
00422793	Label	Global	LAB_00422793	DEFAULT
004227a4	Label	Global	LAB_004227a4	DEFAULT
004227b5	Label	Global	LAB_004227b5	DEFAULT
004227ba	Label	Global	LAB_004227ba	DEFAULT
004227f8	Label	Global	LAB_004227f8	DEFAULT
0042282d	Label	Global	LAB_0042282d	DEFAULT
00422832	Label	Global	LAB_00422832	DEFAULT
00422870	Label	Global	LAB_00422870	DEFAULT
004228a5	Label	Global	LAB_004228a5	DEFAULT
004228b9	Label	Global	LAB_004228b9	DEFAULT
004228be	Label	Global	LAB_004228be	DEFAULT
00422912	Label	Global	LAB_00422912	DEFAULT
00422917	Label	Global	LAB_00422917	DEFAULT
0042296b	Label	Global	LAB_0042296b	DEFAULT
00422970	Label	Global	LAB_00422970	DEFAULT
004229c4	Label	Global	LAB_004229c4	DEFAULT
004229c9	Label	Global	LAB_004229c9	DEFAULT
00422a1d	Label	Global	LAB_00422a1d	DEFAULT
00422a34	Label	Global	LAB_00422a34	DEFAULT
00422a40	Label	Global	LAB_00422a40	DEFAULT
00422a94	Label	Global	LAB_00422a94	DEFAULT
00422aab	Label	Global	LAB_00422aab	DEFAULT
00422ab7	Label	Global	LAB_00422ab7	DEFAULT
00422b0b	Label	Global	LAB_00422b0b	DEFAULT
00422b10	Label	Global	LAB_00422b10	DEFAULT
00422b64	Label	Global	LAB_00422b64	DEFAULT
00422b69	Label	Global	LAB_00422b69	DEFAULT
00422bbd	Label	Global	LAB_00422bbd	DEFAULT
00422bc9	Label	Global	LAB_00422bc9	DEFAULT
00422c07	Label	Global	LAB_00422c07	DEFAULT
00422c3c	Label	Global	LAB_00422c3c	DEFAULT
00422c53	Label	Global	LAB_00422c53	DEFAULT
00422c5f	Label	Global	LAB_00422c5f	DEFAULT
00422cb3	Label	Global	LAB_00422cb3	DEFAULT
00422cca	Label	Global	LAB_00422cca	DEFAULT
00422ccf	Label	Global	LAB_00422ccf	DEFAULT
00422d23	Label	Global	LAB_00422d23	DEFAULT
00422d3a	Label	Global	LAB_00422d3a	DEFAULT
00422d46	Label	Global	LAB_00422d46	DEFAULT
00422d84	Label	Global	LAB_00422d84	DEFAULT
00422db9	Label	Global	LAB_00422db9	DEFAULT
00422dd0	Label	Global	LAB_00422dd0	DEFAULT
00422dd5	Label	Global	LAB_00422dd5	DEFAULT
00422e13	Label	Global	LAB_00422e13	DEFAULT
00422e48	Label	Global	LAB_00422e48	DEFAULT
00422e5f	Label	Global	LAB_00422e5f	DEFAULT
00422e64	Label	Global	LAB_00422e64	DEFAULT
00422e9a	Label	Global	LAB_00422e9a	DEFAULT
00422eb1	Label	Global	LAB_00422eb1	DEFAULT
00422eb6	Label	Global	LAB_00422eb6	DEFAULT
00422ef4	Label	Global	LAB_00422ef4	DEFAULT
00422f29	Label	Global	LAB_00422f29	DEFAULT
00422f2e	Label	Global	LAB_00422f2e	DEFAULT
00422f64	Label	Global	LAB_00422f64	DEFAULT
00422f7b	Label	Global	LAB_00422f7b	DEFAULT
00422f80	Label	Global	LAB_00422f80	DEFAULT
00422fbe	Label	Global	LAB_00422fbe	DEFAULT
00422ff3	Label	Global	LAB_00422ff3	DEFAULT
00422fff	Label	Global	LAB_00422fff	DEFAULT
0042303d	Label	Global	LAB_0042303d	DEFAULT
00423072	Label	Global	LAB_00423072	DEFAULT
00423077	Label	Global	LAB_00423077	DEFAULT
004230b5	Label	Global	LAB_004230b5	DEFAULT
004230ea	Label	Global	LAB_004230ea	DEFAULT
00423101	Label	Global	LAB_00423101	DEFAULT
00423106	Label	Global	LAB_00423106	DEFAULT
00423144	Label	Global	LAB_00423144	DEFAULT
00423179	Label	Global	LAB_00423179	DEFAULT
00423190	Label	Global	LAB_00423190	DEFAULT
00423195	Label	Global	LAB_00423195	DEFAULT
004231d3	Label	Global	LAB_004231d3	DEFAULT
00423208	Label	Global	LAB_00423208	DEFAULT
0042320d	Label	Global	LAB_0042320d	DEFAULT
0042324b	Label	Global	LAB_0042324b	DEFAULT
00423280	Label	Global	LAB_00423280	DEFAULT
00423285	Label	Global	LAB_00423285	DEFAULT
004232c3	Label	Global	LAB_004232c3	DEFAULT
004232f8	Label	Global	LAB_004232f8	DEFAULT
004232fd	Label	Global	LAB_004232fd	DEFAULT
0042335a	Label	Global	LAB_0042335a	DEFAULT
0042338f	Label	Global	LAB_0042338f	DEFAULT
004233a6	Label	Global	LAB_004233a6	DEFAULT
004233ab	Label	Global	LAB_004233ab	DEFAULT
004233e9	Label	Global	LAB_004233e9	DEFAULT
0042341e	Label	Global	LAB_0042341e	DEFAULT
00423435	Label	Global	LAB_00423435	DEFAULT
0042343a	Label	Global	LAB_0042343a	DEFAULT
00423478	Label	Global	LAB_00423478	DEFAULT
004234ad	Label	Global	LAB_004234ad	DEFAULT
004234c4	Label	Global	LAB_004234c4	DEFAULT
004234c9	Label	Global	LAB_004234c9	DEFAULT
00423526	Label	Global	LAB_00423526	DEFAULT
0042355b	Label	Global	LAB_0042355b	DEFAULT
00423560	Label	Global	LAB_00423560	DEFAULT
00423596	Label	Global	LAB_00423596	DEFAULT
004235a2	Label	Global	LAB_004235a2	DEFAULT
004235e0	Label	Global	LAB_004235e0	DEFAULT
00423615	Label	Global	LAB_00423615	DEFAULT
00423621	Label	Global	LAB_00423621	DEFAULT
0042367e	Label	Global	LAB_0042367e	DEFAULT
004236b3	Label	Global	LAB_004236b3	DEFAULT
004236ca	Label	Global	LAB_004236ca	DEFAULT
004236de	Label	Global	LAB_004236de	DEFAULT
0042371c	Label	Global	LAB_0042371c	DEFAULT
00423751	Label	Global	LAB_00423751	DEFAULT
00423756	Label	Global	LAB_00423756	DEFAULT
004237b7	Label	Global	LAB_004237b7	DEFAULT
004237ec	Label	Global	LAB_004237ec	DEFAULT
0042388e	Label	Global	LAB_0042388e	DEFAULT
004238e2	Label	Global	LAB_004238e2	DEFAULT
004238ee	Label	Global	LAB_004238ee	DEFAULT
00423942	Label	Global	LAB_00423942	DEFAULT
0042394e	Label	Global	LAB_0042394e	DEFAULT
004239ab	Label	Global	LAB_004239ab	DEFAULT
004239e0	Label	Global	LAB_004239e0	DEFAULT
004239ec	Label	Global	LAB_004239ec	DEFAULT
00423a2a	Label	Global	LAB_00423a2a	DEFAULT
00423a5f	Label	Global	LAB_00423a5f	DEFAULT
00423a6b	Label	Global	LAB_00423a6b	DEFAULT
00423aa9	Label	Global	LAB_00423aa9	DEFAULT
00423ac0	Label	Global	LAB_00423ac0	DEFAULT
00423ad7	Label	Global	LAB_00423ad7	DEFAULT
00423af5	Label	Global	LAB_00423af5	DEFAULT
00423b18	Label	Global	LAB_00423b18	DEFAULT
00423b2f	Label	Global	LAB_00423b2f	DEFAULT
00423b8a	Label	Global	LAB_00423b8a	DEFAULT
00423bba	Label	Global	LAB_00423bba	DEFAULT
00423c04	Label	Global	LAB_00423c04	DEFAULT
00423c34	Label	Global	LAB_00423c34	DEFAULT
00423c7c	Label	Global	LAB_00423c7c	DEFAULT
00423cac	Label	Global	LAB_00423cac	DEFAULT
00423cf4	Label	Global	LAB_00423cf4	DEFAULT
00423d24	Label	Global	LAB_00423d24	DEFAULT
00423de2	Label	Global	LAB_00423de2	DEFAULT
00423e13	Label	Global	LAB_00423e13	DEFAULT
00423eb8	Label	Global	LAB_00423eb8	DEFAULT
00423f10	Label	Global	LAB_00423f10	DEFAULT
00423f37	Label	Global	LAB_00423f37	DEFAULT
00423f3c	Label	Global	LAB_00423f3c	DEFAULT
00423f94	Label	Global	LAB_00423f94	DEFAULT
00423fc4	Label	Global	LAB_00423fc4	DEFAULT
0042401c	Label	Global	LAB_0042401c	DEFAULT
00424069	Label	Global	LAB_00424069	DEFAULT
004240c1	Label	Global	LAB_004240c1	DEFAULT
00424140	Label	Global	LAB_00424140	DEFAULT
0042419c	Label	Global	LAB_0042419c	DEFAULT
00424224	Label	Global	LAB_00424224	DEFAULT
00424280	Label	Global	LAB_00424280	DEFAULT
004242c5	Label	Global	LAB_004242c5	DEFAULT
004242da	Label	Global	LAB_004242da	DEFAULT
00424315	Label	Global	LAB_00424315	DEFAULT
00424345	Label	Global	LAB_00424345	DEFAULT
00424385	Label	Global	LAB_00424385	DEFAULT
0042439a	Label	Global	LAB_0042439a	DEFAULT
004243d5	Label	Global	LAB_004243d5	DEFAULT
00424405	Label	Global	LAB_00424405	DEFAULT
0042447e	Label	Global	LAB_0042447e	DEFAULT
0042457e	Label	Global	LAB_0042457e	DEFAULT
004245ae	Label	Global	LAB_004245ae	DEFAULT
0042460c	Label	Global	LAB_0042460c	DEFAULT
00424647	Label	Global	LAB_00424647	DEFAULT
00424669	Label	Global	LAB_00424669	DEFAULT
0042466e	Label	Global	LAB_0042466e	DEFAULT
0042476e	Label	Global	LAB_0042476e	DEFAULT
0042479e	Label	Global	LAB_0042479e	DEFAULT
004247ff	Label	Global	LAB_004247ff	DEFAULT
0042483d	Label	Global	LAB_0042483d	DEFAULT
00424862	Label	Global	LAB_00424862	DEFAULT
00424867	Label	Global	LAB_00424867	DEFAULT
00424967	Label	Global	LAB_00424967	DEFAULT
00424997	Label	Global	LAB_00424997	DEFAULT
004249f5	Label	Global	LAB_004249f5	DEFAULT
00424a30	Label	Global	LAB_00424a30	DEFAULT
00424a52	Label	Global	LAB_00424a52	DEFAULT
00424a57	Label	Global	LAB_00424a57	DEFAULT
00424b57	Label	Global	LAB_00424b57	DEFAULT
00424b87	Label	Global	LAB_00424b87	DEFAULT
00424be8	Label	Global	LAB_00424be8	DEFAULT
00424c26	Label	Global	LAB_00424c26	DEFAULT
00424c4b	Label	Global	LAB_00424c4b	DEFAULT
00424c93	Label	Global	LAB_00424c93	DEFAULT
00424cab	Label	Global	LAB_00424cab	DEFAULT
00424cb3	Label	Global	LAB_00424cb3	DEFAULT
00424cc0	Function	Global	FUN_00424cc0	DEFAULT
00424e7a	Function	Global	FUN_00424e7a	DEFAULT
0042515e	Function	Global	FUN_0042515e	DEFAULT
004254cc	Function	Global	FUN_004254cc	DEFAULT
0042794c	Function	Global	FUN_0042794c	DEFAULT
00427a26	Label	Global	LAB_00427a26	DEFAULT
00427a4b	Label	Global	LAB_00427a4b	DEFAULT
00428090	Function	Global	FUN_00428090	DEFAULT
0042810d	Function	Global	FUN_0042810d	DEFAULT
00428142	Label	Global	LAB_00428142	DEFAULT
004283a5	Label	Global	LAB_004283a5	DEFAULT
004283c8	Label	Global	LAB_004283c8	DEFAULT
004283df	Label	Global	LAB_004283df	DEFAULT
00428442	Label	Global	LAB_00428442	DEFAULT
0042845e	Label	Global	LAB_0042845e	DEFAULT
0042846e	Label	Global	LAB_0042846e	DEFAULT
004284ae	Label	Global	LAB_004284ae	DEFAULT
00428531	Label	Global	LAB_00428531	DEFAULT
004285bf	Label	Global	LAB_004285bf	DEFAULT
004286a7	Label	Global	LAB_004286a7	DEFAULT
004286b3	Label	Global	LAB_004286b3	DEFAULT
00428841	Label	Global	LAB_00428841	DEFAULT
0042886a	Function	Global	FUN_0042886a	DEFAULT
004288f5	Function	Global	FUN_004288f5	DEFAULT
0042897c	Label	Global	LAB_0042897c	DEFAULT
004289ef	Label	Global	LAB_004289ef	DEFAULT
00428a75	Function	Global	FUN_00428a75	DEFAULT
00428ad5	Label	Global	LAB_00428ad5	DEFAULT
00428b05	Label	Global	LAB_00428b05	DEFAULT
00428b27	Label	Global	LAB_00428b27	DEFAULT
00428b2e	Label	Global	LAB_00428b2e	DEFAULT
00428d1e	Function	Global	FUN_00428d1e	DEFAULT
00428d9d	Label	Global	LAB_00428d9d	DEFAULT
00428dcd	Label	Global	LAB_00428dcd	DEFAULT
00428e1f	Label	Global	LAB_00428e1f	DEFAULT
00428e4f	Label	Global	LAB_00428e4f	DEFAULT
00428ea8	Label	Global	LAB_00428ea8	DEFAULT
00428ed8	Label	Global	LAB_00428ed8	DEFAULT
00428f31	Label	Global	LAB_00428f31	DEFAULT
00428f61	Label	Global	LAB_00428f61	DEFAULT
00428fb1	Function	Global	FUN_00428fb1	DEFAULT
00429005	Label	Global	LAB_00429005	DEFAULT
00429031	Label	Global	LAB_00429031	DEFAULT
00429036	Function	Global	FUN_00429036	DEFAULT
00429066	Label	Global	LAB_00429066	DEFAULT
00429087	Label	Global	LAB_00429087	DEFAULT
004290c0	Label	Global	LAB_004290c0	DEFAULT
004290c5	Function	Global	FUN_004290c5	DEFAULT
004290ef	Label	Global	LAB_004290ef	DEFAULT
00429111	Label	Global	LAB_00429111	DEFAULT
0042911d	Label	Global	LAB_0042911d	DEFAULT
00429122	Function	Global	FUN_00429122	DEFAULT
00429154	Label	Global	LAB_00429154	DEFAULT
0042925b	Function	Global	FUN_0042925b	DEFAULT
00429327	Label	Global	LAB_00429327	DEFAULT
004293d1	Label	Global	LAB_004293d1	DEFAULT
004293da	Function	Global	FUN_004293da	DEFAULT
00429449	Label	Global	LAB_00429449	DEFAULT
0042946a	Label	Global	LAB_0042946a	DEFAULT
004294d6	Label	Global	LAB_004294d6	DEFAULT
0042951d	Label	Global	LAB_0042951d	DEFAULT
004295ac	Label	Global	LAB_004295ac	DEFAULT
00429615	Label	Global	LAB_00429615	DEFAULT
00429681	Label	Global	LAB_00429681	DEFAULT
004296c4	Label	Global	LAB_004296c4	DEFAULT
004296e2	Label	Global	LAB_004296e2	DEFAULT
004296f0	Function	Global	FUN_004296f0	DEFAULT
004297bc	Label	Global	LAB_004297bc	DEFAULT
00429866	Label	Global	LAB_00429866	DEFAULT
0042986f	Function	Global	FUN_0042986f	DEFAULT
00429954	Label	Global	LAB_00429954	DEFAULT
004299d9	Label	Global	LAB_004299d9	DEFAULT
00429a33	Label	Global	LAB_00429a33	DEFAULT
00429a70	Label	Global	LAB_00429a70	DEFAULT
0042a186	Function	Global	FUN_0042a186	DEFAULT
0042a1c5	Label	Global	LAB_0042a1c5	DEFAULT
0042a1e0	Function	Global	FUN_0042a1e0	DEFAULT
0042a221	Label	Global	LAB_0042a221	DEFAULT
0042a2b5	Function	Global	FUN_0042a2b5	DEFAULT
0042a2f6	Label	Global	LAB_0042a2f6	DEFAULT
0042a39c	Function	Global	FUN_0042a39c	DEFAULT
0042a3f7	Label	Global	LAB_0042a3f7	DEFAULT
0042a425	Label	Global	LAB_0042a425	DEFAULT
0042a42a	Label	Global	LAB_0042a42a	DEFAULT
0042a446	Function	Global	FUN_0042a446	DEFAULT
0042a462	Label	Global	LAB_0042a462	DEFAULT
0042a480	Label	Global	LAB_0042a480	DEFAULT
0042a490	Function	KERNEL32.DLL	WriteFile	DEFAULT
0042a498	Function	KERNEL32.DLL	WideCharToMultiByte	DEFAULT
0042a4b0	Function	KERNEL32.DLL	SetupComm	DEFAULT
0042a4c0	Function	KERNEL32.DLL	SetCommTimeouts	DEFAULT
0042a4c8	Function	KERNEL32.DLL	SetCommState	DEFAULT
0042a4d0	Function	KERNEL32.DLL	SetCommMask	DEFAULT
0042a4d8	Function	KERNEL32.DLL	ReadFile	DEFAULT
0042a4e0	Function	KERNEL32.DLL	PurgeComm	DEFAULT
0042a4e8	Function	KERNEL32.DLL	MultiByteToWideChar	DEFAULT
0042a4f0	Function	KERNEL32.DLL	MulDiv	DEFAULT
0042a510	Function	KERNEL32.DLL	LoadLibraryW	DEFAULT
0042a558	Function	KERNEL32.DLL	GetProcAddress	DEFAULT
0042a568	Function	KERNEL32.DLL	GetModuleHandleW	DEFAULT
0042a570	Function	KERNEL32.DLL	GetModuleFileNameW	DEFAULT
0042a598	Function	KERNEL32.DLL	GetCommState	DEFAULT
0042a5a0	Function	KERNEL32.DLL	FreeLibrary	DEFAULT
0042a5c0	Function	KERNEL32.DLL	CreateFileW	DEFAULT
0042a5d0	Function	KERNEL32.DLL	CloseHandle	DEFAULT
0042a5e8	Function	GDI32.DLL	SetTextColor	DEFAULT
0042a5f0	Function	GDI32.DLL	SetBkMode	DEFAULT
0042a5f8	Function	GDI32.DLL	SetBkColor	DEFAULT
0042a600	Function	GDI32.DLL	SelectObject	DEFAULT
0042a640	Function	GDI32.DLL	GetDeviceCaps	DEFAULT
0042a650	Function	GDI32.DLL	DeleteObject	DEFAULT
0042a658	Function	GDI32.DLL	DeleteDC	DEFAULT
0042a660	Function	GDI32.DLL	CreateSolidBrush	DEFAULT
0042a670	Function	GDI32.DLL	CreateFontIndirectW	DEFAULT
0042a688	Function	GDI32.DLL	CreateCompatibleDC	DEFAULT
0042a690	Function	GDI32.DLL	CreateCompatibleBitmap	DEFAULT
0042a698	Function	GDI32.DLL	BitBlt	DEFAULT
0042a6a0	Function	USER32.DLL	UpdateWindow	DEFAULT
0042a6a8	Function	USER32.DLL	UnregisterClassW	DEFAULT
0042a6b0	Function	USER32.DLL	TranslateMessage	DEFAULT
0042a6b8	Function	USER32.DLL	TranslateMDISysAccel	DEFAULT
0042a6c0	Function	USER32.DLL	TranslateAcceleratorW	DEFAULT
0042a6c8	Function	USER32.DLL	SystemParametersInfoW	DEFAULT
0042a6d0	Function	USER32.DLL	ShowWindow	DEFAULT
0042a6d8	Function	USER32.DLL	SetWindowPos	DEFAULT
0042a6e8	Function	USER32.DLL	SetWindowLongPtrW	DEFAULT
0042a6f0	Function	USER32.DLL	SetScrollInfo	DEFAULT
0042a6f8	Function	USER32.DLL	SetRect	DEFAULT
0042a700	Function	USER32.DLL	SetPropW	DEFAULT
0042a710	Function	USER32.DLL	SetLayeredWindowAttributes	DEFAULT
0042a718	Function	USER32.DLL	SetForegroundWindow	DEFAULT
0042a720	Function	USER32.DLL	SetFocus	DEFAULT
0042a728	Function	USER32.DLL	SetCursor	DEFAULT
0042a730	Function	USER32.DLL	SetClassLongPtrW	DEFAULT
0042a738	Function	USER32.DLL	SendMessageW	DEFAULT
0042a740	Function	USER32.DLL	SendMessageA	DEFAULT
0042a748	Function	USER32.DLL	ScreenToClient	DEFAULT
0042a758	Function	USER32.DLL	ReleaseDC	DEFAULT
0042a768	Function	USER32.DLL	RegisterClassExW	DEFAULT
0042a770	Function	USER32.DLL	PostQuitMessage	DEFAULT
0042a778	Function	USER32.DLL	PostMessageW	DEFAULT
0042a780	Function	USER32.DLL	OpenIcon	DEFAULT
0042a790	Function	USER32.DLL	MapWindowPoints	DEFAULT
0042a798	Function	USER32.DLL	LoadImageW	DEFAULT
0042a7a8	Function	USER32.DLL	LoadCursorW	DEFAULT
0042a7b8	Function	USER32.DLL	IsWindowVisible	DEFAULT
0042a7c0	Function	USER32.DLL	IsWindowEnabled	DEFAULT
0042a7c8	Function	USER32.DLL	IsWindow	DEFAULT
0042a7d8	Function	USER32.DLL	IsDialogMessageW	DEFAULT
0042a7e0	Function	USER32.DLL	InvalidateRect	DEFAULT
0042a7e8	Function	USER32.DLL	IntersectRect	DEFAULT
0042a800	Function	USER32.DLL	GetWindowRect	DEFAULT
0042a810	Function	USER32.DLL	GetWindowLongPtrW	DEFAULT
0042a818	Function	USER32.DLL	GetWindowDC	DEFAULT
0042a820	Function	USER32.DLL	GetWindow	DEFAULT
0042a828	Function	USER32.DLL	GetSystemMetrics	DEFAULT
0042a830	Function	USER32.DLL	GetSysColor	DEFAULT
0042a848	Function	USER32.DLL	GetParent	DEFAULT
0042a850	Function	USER32.DLL	GetMessageW	DEFAULT
0042a880	Function	USER32.DLL	GetDC	DEFAULT
0042a888	Function	USER32.DLL	GetClientRect	DEFAULT
0042a890	Function	USER32.DLL	GetClassNameW	DEFAULT
0042a898	Function	USER32.DLL	GetClassNameA	DEFAULT
0042a8a0	Function	USER32.DLL	GetClassLongPtrW	DEFAULT
0042a8a8	Function	USER32.DLL	GetAncestor	DEFAULT
0042a8b0	Function	USER32.DLL	FlashWindowEx	DEFAULT
0042a8c0	Function	USER32.DLL	FindWindowExW	DEFAULT
0042a8c8	Function	USER32.DLL	FillRect	DEFAULT
0042a8d8	Function	USER32.DLL	EndPaint	DEFAULT
0042a8e0	Function	USER32.DLL	EndDeferWindowPos	DEFAULT
0042a8e8	Function	USER32.DLL	EnableWindow	DEFAULT
0042a8f0	Function	USER32.DLL	DrawTextW	DEFAULT
0042a900	Function	USER32.DLL	DispatchMessageW	DEFAULT
0042a908	Function	USER32.DLL	DestroyWindow	DEFAULT
0042a910	Function	USER32.DLL	DestroyIcon	DEFAULT
0042a918	Function	USER32.DLL	DestroyCursor	DEFAULT
0042a920	Function	USER32.DLL	DestroyAcceleratorTable	DEFAULT
0042a928	Function	USER32.DLL	DeferWindowPos	DEFAULT
0042a930	Function	USER32.DLL	DefWindowProcW	DEFAULT
0042a938	Function	USER32.DLL	CreateWindowExW	DEFAULT
0042a950	Function	USER32.DLL	BeginPaint	DEFAULT
0042a958	Function	USER32.DLL	BeginDeferWindowPos	DEFAULT
0042a9d0	Function	COMCTL32.DLL	SetWindowSubclass	DEFAULT
0042a9d8	Function	COMCTL32.DLL	InitCommonControlsEx	DEFAULT
0042a9e0	Function	SHLWAPI.DLL	StrToIntW	DEFAULT
0042a9f0	Function	GDIPLUS.DLL	GdiplusStartup	DEFAULT
0042a9f8	Function	GDIPLUS.DLL	GdiplusShutdown	DEFAULT
0042aa08	Function	GDIPLUS.DLL	GdipSetSmoothingMode	DEFAULT
0042aa58	Function	GDIPLUS.DLL	GdipFillRectangle	DEFAULT
0042aa60	Function	GDIPLUS.DLL	GdipFillPolygon	DEFAULT
0042aa68	Function	GDIPLUS.DLL	GdipFillPath	DEFAULT
0042aa70	Function	GDIPLUS.DLL	GdipFillEllipse	DEFAULT
0042aa78	Function	GDIPLUS.DLL	GdipDrawRectangle	DEFAULT
0042aa80	Function	GDIPLUS.DLL	GdipDrawPolygon	DEFAULT
0042aa88	Function	GDIPLUS.DLL	GdipDrawPath	DEFAULT
0042aa98	Function	GDIPLUS.DLL	GdipDrawEllipse	DEFAULT
0042aaa0	Function	GDIPLUS.DLL	GdipDisposeImage	DEFAULT
0042aaa8	Function	GDIPLUS.DLL	GdipDeletePen	DEFAULT
0042aab0	Function	GDIPLUS.DLL	GdipDeletePath	DEFAULT
0042aab8	Function	GDIPLUS.DLL	GdipDeleteGraphics	DEFAULT
0042aac0	Function	GDIPLUS.DLL	GdipDeleteFontFamily	DEFAULT
0042aad0	Function	GDIPLUS.DLL	GdipDeleteBrush	DEFAULT
0042aad8	Function	GDIPLUS.DLL	GdipCreateSolidFill	DEFAULT
0042aae0	Function	GDIPLUS.DLL	GdipCreatePen1	DEFAULT
0042aae8	Function	GDIPLUS.DLL	GdipCreatePath	DEFAULT
0042aaf0	Function	GDIPLUS.DLL	GdipCreateLineBrush	DEFAULT
0042ab08	Function	GDIPLUS.DLL	GdipCreateFromHDC	DEFAULT
0042ab28	Function	GDIPLUS.DLL	GdipClosePathFigure	DEFAULT
0042ab48	Function	GDIPLUS.DLL	GdipAddPathLine	DEFAULT
0042ab50	Function	GDIPLUS.DLL	GdipAddPathArc	DEFAULT
0042ab60	Function	Global	FUN_0042ab60	DEFAULT
0042ab90	Label	Global	LAB_0042ab90	DEFAULT
0042ab9e	Label	Global	LAB_0042ab9e	DEFAULT
0042abab	Label	Global	LAB_0042abab	DEFAULT
0042abc0	Label	Global	LAB_0042abc0	DEFAULT
0042abd0	Label	Global	LAB_0042abd0	DEFAULT
0042abe0	Function	Global	FUN_0042abe0	DEFAULT
0042abf0	Label	Global	LAB_0042abf0	DEFAULT
0042ac00	Function	Global	FUN_0042ac00	DEFAULT
0042ac22	Label	Global	LAB_0042ac22	DEFAULT
0042ac30	Label	Global	LAB_0042ac30	DEFAULT
0042ac50	Function	Global	FUN_0042ac50	DEFAULT
0042ac71	Label	Global	LAB_0042ac71	DEFAULT
0042ac88	Label	Global	LAB_0042ac88	DEFAULT
0042aca0	Function	Global	FUN_0042aca0	DEFAULT
0042ace6	Label	Global	LAB_0042ace6	DEFAULT
0042ad00	Label	Global	LAB_0042ad00	DEFAULT
0042ad23	Label	Global	LAB_0042ad23	DEFAULT
0042ad3b	Label	Global	LAB_0042ad3b	DEFAULT
0042ad45	Label	Global	LAB_0042ad45	DEFAULT
0042ad60	Label	Global	LAB_0042ad60	DEFAULT
0042adb2	Label	Global	LAB_0042adb2	DEFAULT
0042add0	Label	Global	LAB_0042add0	DEFAULT
0042adf0	Label	Global	LAB_0042adf0	DEFAULT
0042ae08	Label	Global	LAB_0042ae08	DEFAULT
0042ae20	Function	Global	FUN_0042ae20	DEFAULT
0042ae4a	Label	Global	LAB_0042ae4a	DEFAULT
0042ae80	Label	Global	LAB_0042ae80	DEFAULT
0042ae90	Function	Global	FUN_0042ae90	DEFAULT
0042aecd	Label	Global	LAB_0042aecd	DEFAULT
0042aef0	Label	Global	LAB_0042aef0	DEFAULT
0042aef9	Label	Global	LAB_0042aef9	DEFAULT
0042af12	Label	Global	LAB_0042af12	DEFAULT
0042af1c	Label	Global	LAB_0042af1c	DEFAULT
0042af30	Label	Global	LAB_0042af30	DEFAULT
0042af91	Label	Global	LAB_0042af91	DEFAULT
0042afe8	Label	Global	LAB_0042afe8	DEFAULT
0042affe	Label	Global	LAB_0042affe	DEFAULT
0042b002	Label	Global	LAB_0042b002	DEFAULT
0042b028	Label	Global	LAB_0042b028	DEFAULT
0042b054	Label	Global	LAB_0042b054	DEFAULT
0042b060	Label	Global	LAB_0042b060	DEFAULT
0042b076	Label	Global	LAB_0042b076	DEFAULT
0042b090	Function	Global	FUN_0042b090	DEFAULT
0042b0e1	Label	Global	LAB_0042b0e1	DEFAULT
0042b0f0	Label	Global	LAB_0042b0f0	DEFAULT
0042b110	Function	Global	FUN_0042b110	DEFAULT
0042b170	Label	Global	LAB_0042b170	DEFAULT
0042b2d0	Function	Global	FUN_0042b2d0	DEFAULT
0042b310	Function	Global	FUN_0042b310	DEFAULT
0042b340	Label	Global	LAB_0042b340	DEFAULT
0042b350	Label	Global	LAB_0042b350	DEFAULT
0042b357	Label	Global	LAB_0042b357	DEFAULT
0042b360	Function	Global	FUN_0042b360	DEFAULT
0042b380	Function	Global	FUN_0042b380	DEFAULT
0042b470	Label	Global	LAB_0042b470	DEFAULT
0042b488	Label	Global	LAB_0042b488	DEFAULT
0042b4c0	Label	Global	LAB_0042b4c0	DEFAULT
0042b4d0	Label	Global	LAB_0042b4d0	DEFAULT
0042b520	Label	Global	LAB_0042b520	DEFAULT
0042b530	Function	Global	FUN_0042b530	DEFAULT
0042b550	Function	Global	FUN_0042b550	DEFAULT
0042b567	Label	Global	LAB_0042b567	DEFAULT
0042b5e0	Function	Global	FUN_0042b5e0	DEFAULT
0042b626	Label	Global	LAB_0042b626	DEFAULT
0042b637	Label	Global	LAB_0042b637	DEFAULT
0042b645	Label	Global	LAB_0042b645	DEFAULT
0042b660	Label	Global	LAB_0042b660	DEFAULT
0042b66a	Label	Global	LAB_0042b66a	DEFAULT
0042b680	Label	Global	LAB_0042b680	DEFAULT
0042b68a	Label	Global	LAB_0042b68a	DEFAULT
0042b6a0	Label	Global	LAB_0042b6a0	DEFAULT
0042b6bb	Label	Global	LAB_0042b6bb	DEFAULT
0042b6ce	Label	Global	LAB_0042b6ce	DEFAULT
0042b6f5	Label	Global	LAB_0042b6f5	DEFAULT
0042b710	Label	Global	LAB_0042b710	DEFAULT
0042b720	Label	Global	LAB_0042b720	DEFAULT
0042b740	Label	Global	LAB_0042b740	DEFAULT
0042b758	Label	Global	LAB_0042b758	DEFAULT
0042b790	Label	Global	LAB_0042b790	DEFAULT
0042b7a8	Label	Global	LAB_0042b7a8	DEFAULT
0042b7be	Label	Global	LAB_0042b7be	DEFAULT
0042b7f8	Label	Global	LAB_0042b7f8	DEFAULT
0042b808	Label	Global	LAB_0042b808	DEFAULT
0042b818	Label	Global	LAB_0042b818	DEFAULT
0042b830	Function	Global	FUN_0042b830	DEFAULT
0042b850	Function	Global	FUN_0042b850	DEFAULT
0042b910	Function	Global	FUN_0042b910	DEFAULT
0042b957	Label	Global	LAB_0042b957	DEFAULT
0042b965	Label	Global	LAB_0042b965	DEFAULT
0042b990	Label	Global	LAB_0042b990	DEFAULT
0042b996	Label	Global	LAB_0042b996	DEFAULT
0042b99c	Label	Global	LAB_0042b99c	DEFAULT
0042b9b0	Label	Global	LAB_0042b9b0	DEFAULT
0042b9d4	Label	Global	LAB_0042b9d4	DEFAULT
0042b9e0	Label	Global	LAB_0042b9e0	DEFAULT
0042b9f5	Label	Global	LAB_0042b9f5	DEFAULT
0042ba00	Label	Global	LAB_0042ba00	DEFAULT
0042ba1b	Label	Global	LAB_0042ba1b	DEFAULT
0042ba38	Label	Global	LAB_0042ba38	DEFAULT
0042ba52	Label	Global	LAB_0042ba52	DEFAULT
0042ba68	Label	Global	LAB_0042ba68	DEFAULT
0042ba80	Function	Global	FUN_0042ba80	DEFAULT
0042bac6	Label	Global	LAB_0042bac6	DEFAULT
0042bad5	Label	Global	LAB_0042bad5	DEFAULT
0042bae7	Label	Global	LAB_0042bae7	DEFAULT
0042baf0	Label	Global	LAB_0042baf0	DEFAULT
0042bb24	Label	Global	LAB_0042bb24	DEFAULT
0042bb2f	Label	Global	LAB_0042bb2f	DEFAULT
0042bb48	Label	Global	LAB_0042bb48	DEFAULT
0042bb62	Label	Global	LAB_0042bb62	DEFAULT
0042bb70	Label	Global	LAB_0042bb70	DEFAULT
0042bb7e	Label	Global	LAB_0042bb7e	DEFAULT
0042bb91	Label	Global	LAB_0042bb91	DEFAULT
0042bba0	Label	Global	LAB_0042bba0	DEFAULT
0042bbb9	Label	Global	LAB_0042bbb9	DEFAULT
0042bbe0	Function	Global	FUN_0042bbe0	DEFAULT
0042bc28	Label	Global	LAB_0042bc28	DEFAULT
0042bc40	Label	Global	LAB_0042bc40	DEFAULT
0042bc45	Label	Global	LAB_0042bc45	DEFAULT
0042bc7a	Label	Global	LAB_0042bc7a	DEFAULT
0042bc90	Label	Global	LAB_0042bc90	DEFAULT
0042bca8	Label	Global	LAB_0042bca8	DEFAULT
0042bcc4	Label	switchD_0042bcc4	switchD	ANALYSIS
0042bcd0	Label	switchD_0042bcc4	caseD_43	ANALYSIS
0042bcd0	Label	switchD_0042bcc4	caseD_44	ANALYSIS
0042bcd0	Label	switchD_0042bcc4	caseD_45	ANALYSIS
0042bcd0	Label	switchD_0042bcc4	caseD_46	ANALYSIS
0042bcd0	Label	switchD_0042bcc4	caseD_47	ANALYSIS
0042bcd0	Label	switchD_0042bcc4	caseD_49	ANALYSIS
0042bcd0	Label	switchD_0042bcc4	caseD_4a	ANALYSIS
0042bcd0	Label	switchD_0042bcc4	caseD_4b	ANALYSIS
0042bcd0	Label	switchD_0042bcc4	caseD_4c	ANALYSIS
0042bcd0	Label	switchD_0042bcc4	caseD_4d	ANALYSIS
0042bcd0	Label	switchD_0042bcc4	caseD_4e	ANALYSIS
0042bcd0	Label	switchD_0042bcc4	caseD_50	ANALYSIS
0042bcd0	Label	switchD_0042bcc4	caseD_51	ANALYSIS
0042bcd0	Label	switchD_0042bcc4	caseD_52	ANALYSIS
0042bcd0	Label	switchD_0042bcc4	caseD_53	ANALYSIS
0042bcd0	Label	switchD_0042bcc4	caseD_54	ANALYSIS
0042bcd0	Label	switchD_0042bcc4	caseD_55	ANALYSIS
0042bcd0	Label	switchD_0042bcc4	caseD_56	ANALYSIS
0042bcd0	Label	switchD_0042bcc4	caseD_57	ANALYSIS
0042bcd0	Label	switchD_0042bcc4	caseD_58	ANALYSIS
0042bcd0	Label	switchD_0042bcc4	caseD_59	ANALYSIS
0042bcd0	Label	switchD_0042bcc4	caseD_5a	ANALYSIS
0042bcd0	Label	switchD_0042bcc4	caseD_5b	ANALYSIS
0042bcd0	Label	switchD_0042bcc4	caseD_5c	ANALYSIS
0042bcd0	Label	switchD_0042bcc4	caseD_5d	ANALYSIS
0042bcd0	Label	switchD_0042bcc4	caseD_5e	ANALYSIS
0042bcd0	Label	switchD_0042bcc4	caseD_5f	ANALYSIS
0042bcd0	Label	switchD_0042bcc4	caseD_60	ANALYSIS
0042bcd0	Label	switchD_0042bcc4	caseD_61	ANALYSIS
0042bcd0	Label	switchD_0042bcc4	caseD_63	ANALYSIS
0042bcd0	Label	switchD_0042bcc4	caseD_64	ANALYSIS
0042bcd0	Label	switchD_0042bcc4	caseD_65	ANALYSIS
0042bcd0	Label	switchD_0042bcc4	caseD_66	ANALYSIS
0042bcd0	Label	switchD_0042bcc4	caseD_67	ANALYSIS
0042bcd0	Label	switchD_0042bcc4	caseD_69	ANALYSIS
0042bcd0	Label	switchD_0042bcc4	caseD_6a	ANALYSIS
0042bcd0	Label	switchD_0042bcc4	caseD_6b	ANALYSIS
0042bcd0	Label	switchD_0042bcc4	caseD_6c	ANALYSIS
0042bcd0	Label	switchD_0042bcc4	caseD_6d	ANALYSIS
0042bcd0	Label	switchD_0042bcc4	caseD_6e	ANALYSIS
0042bce0	Label	Global	LAB_0042bce0	DEFAULT
0042bcf9	Label	switchD_0042bcc4	caseD_42	ANALYSIS
0042bcf9	Label	switchD_0042bcc4	caseD_62	ANALYSIS
0042bd0b	Label	switchD_0042bcc4	caseD_48	ANALYSIS
0042bd0b	Label	switchD_0042bcc4	caseD_68	ANALYSIS
0042bd1d	Label	switchD_0042bcc4	caseD_4f	ANALYSIS
0042bd1d	Label	switchD_0042bcc4	caseD_6f	ANALYSIS
0042bd30	Function	Global	FUN_0042bd30	DEFAULT
0042bd60	Label	Global	LAB_0042bd60	DEFAULT
0042bd80	Label	Global	LAB_0042bd80	DEFAULT
0042bd90	Label	Global	LAB_0042bd90	DEFAULT
0042bdb0	Function	Global	FUN_0042bdb0	DEFAULT
0042bde0	Label	Global	LAB_0042bde0	DEFAULT
0042bdf8	Label	Global	LAB_0042bdf8	DEFAULT
0042be08	Label	Global	LAB_0042be08	DEFAULT
0042be24	Label	switchD_0042be24	switchD	ANALYSIS
0042be30	Label	switchD_0042be24	caseD_43	ANALYSIS
0042be30	Label	switchD_0042be24	caseD_44	ANALYSIS
0042be30	Label	switchD_0042be24	caseD_45	ANALYSIS
0042be30	Label	switchD_0042be24	caseD_46	ANALYSIS
0042be30	Label	switchD_0042be24	caseD_47	ANALYSIS
0042be30	Label	switchD_0042be24	caseD_49	ANALYSIS
0042be30	Label	switchD_0042be24	caseD_4a	ANALYSIS
0042be30	Label	switchD_0042be24	caseD_4b	ANALYSIS
0042be30	Label	switchD_0042be24	caseD_4c	ANALYSIS
0042be30	Label	switchD_0042be24	caseD_4d	ANALYSIS
0042be30	Label	switchD_0042be24	caseD_4e	ANALYSIS
0042be30	Label	switchD_0042be24	caseD_50	ANALYSIS
0042be30	Label	switchD_0042be24	caseD_51	ANALYSIS
0042be30	Label	switchD_0042be24	caseD_52	ANALYSIS
0042be30	Label	switchD_0042be24	caseD_53	ANALYSIS
0042be30	Label	switchD_0042be24	caseD_54	ANALYSIS
0042be30	Label	switchD_0042be24	caseD_55	ANALYSIS
0042be30	Label	switchD_0042be24	caseD_56	ANALYSIS
0042be30	Label	switchD_0042be24	caseD_57	ANALYSIS
0042be30	Label	switchD_0042be24	caseD_58	ANALYSIS
0042be30	Label	switchD_0042be24	caseD_59	ANALYSIS
0042be30	Label	switchD_0042be24	caseD_5a	ANALYSIS
0042be30	Label	switchD_0042be24	caseD_5b	ANALYSIS
0042be30	Label	switchD_0042be24	caseD_5c	ANALYSIS
0042be30	Label	switchD_0042be24	caseD_5d	ANALYSIS
0042be30	Label	switchD_0042be24	caseD_5e	ANALYSIS
0042be30	Label	switchD_0042be24	caseD_5f	ANALYSIS
0042be30	Label	switchD_0042be24	caseD_60	ANALYSIS
0042be30	Label	switchD_0042be24	caseD_61	ANALYSIS
0042be30	Label	switchD_0042be24	caseD_63	ANALYSIS
0042be30	Label	switchD_0042be24	caseD_64	ANALYSIS
0042be30	Label	switchD_0042be24	caseD_65	ANALYSIS
0042be30	Label	switchD_0042be24	caseD_66	ANALYSIS
0042be30	Label	switchD_0042be24	caseD_67	ANALYSIS
0042be30	Label	switchD_0042be24	caseD_69	ANALYSIS
0042be30	Label	switchD_0042be24	caseD_6a	ANALYSIS
0042be30	Label	switchD_0042be24	caseD_6b	ANALYSIS
0042be30	Label	switchD_0042be24	caseD_6c	ANALYSIS
0042be30	Label	switchD_0042be24	caseD_6d	ANALYSIS
0042be30	Label	switchD_0042be24	caseD_6e	ANALYSIS
0042be40	Label	Global	LAB_0042be40	DEFAULT
0042be54	Label	switchD_0042be24	caseD_4f	ANALYSIS
0042be54	Label	switchD_0042be24	caseD_6f	ANALYSIS
0042be66	Label	switchD_0042be24	caseD_42	ANALYSIS
0042be66	Label	switchD_0042be24	caseD_62	ANALYSIS
0042be78	Label	switchD_0042be24	caseD_48	ANALYSIS
0042be78	Label	switchD_0042be24	caseD_68	ANALYSIS
0042be90	Function	Global	FUN_0042be90	DEFAULT
0042bebc	Label	Global	LAB_0042bebc	DEFAULT
0042bed0	Label	Global	LAB_0042bed0	DEFAULT
0042bee0	Label	Global	LAB_0042bee0	DEFAULT
0042bef0	Function	Global	FUN_0042bef0	DEFAULT
0042bf08	Label	Global	LAB_0042bf08	DEFAULT
0042bf20	Label	Global	LAB_0042bf20	DEFAULT
0042bf2c	Label	Global	LAB_0042bf2c	DEFAULT
0042bf3b	Label	Global	LAB_0042bf3b	DEFAULT
0042bf40	Label	Global	LAB_0042bf40	DEFAULT
0042bf50	Label	Global	LAB_0042bf50	DEFAULT
0042bf58	Label	Global	LAB_0042bf58	DEFAULT
0042bf70	Label	Global	LAB_0042bf70	DEFAULT
0042bf80	Label	Global	LAB_0042bf80	DEFAULT
0042bf83	Label	Global	LAB_0042bf83	DEFAULT
0042bf8d	Label	Global	LAB_0042bf8d	DEFAULT
0042bfb5	Label	Global	LAB_0042bfb5	DEFAULT
0042bfc0	Label	Global	LAB_0042bfc0	DEFAULT
0042bfd0	Label	Global	LAB_0042bfd0	DEFAULT
0042bfd1	Label	Global	LAB_0042bfd1	DEFAULT
0042bfd2	Label	Global	LAB_0042bfd2	DEFAULT
0042bfd3	Label	Global	LAB_0042bfd3	DEFAULT
0042bfe0	Function	Global	FUN_0042bfe0	DEFAULT
0042bff8	Label	Global	LAB_0042bff8	DEFAULT
0042c010	Label	Global	LAB_0042c010	DEFAULT
0042c020	Label	Global	LAB_0042c020	DEFAULT
0042c02f	Label	Global	LAB_0042c02f	DEFAULT
0042c030	Label	Global	LAB_0042c030	DEFAULT
0042c040	Label	Global	LAB_0042c040	DEFAULT
0042c04c	Label	Global	LAB_0042c04c	DEFAULT
0042c060	Label	Global	LAB_0042c060	DEFAULT
0042c070	Label	Global	LAB_0042c070	DEFAULT
0042c074	Label	Global	LAB_0042c074	DEFAULT
0042c083	Label	Global	LAB_0042c083	DEFAULT
0042c0b1	Label	Global	LAB_0042c0b1	DEFAULT
0042c0b8	Label	Global	LAB_0042c0b8	DEFAULT
0042c0d0	Label	Global	LAB_0042c0d0	DEFAULT
0042c0d1	Label	Global	LAB_0042c0d1	DEFAULT
0042c0d2	Label	Global	LAB_0042c0d2	DEFAULT
0042c0d3	Label	Global	LAB_0042c0d3	DEFAULT
0042c1e0	Function	Global	FUN_0042c1e0	DEFAULT
0042c240	Label	Global	LAB_0042c240	DEFAULT
0042c260	Function	Global	FUN_0042c260	DEFAULT
0042c2c0	Label	Global	LAB_0042c2c0	DEFAULT
0042c2e0	Function	Global	FUN_0042c2e0	DEFAULT
0042c2ee	Label	Global	LAB_0042c2ee	DEFAULT
0042c31b	Label	Global	LAB_0042c31b	DEFAULT
0042c320	Label	Global	LAB_0042c320	DEFAULT
0042c350	Function	Global	FUN_0042c350	DEFAULT
0042c3a0	Label	Global	LAB_0042c3a0	DEFAULT
0042c3b0	Function	Global	FUN_0042c3b0	DEFAULT
0042c3d6	Label	Global	LAB_0042c3d6	DEFAULT
0042c3e1	Label	Global	LAB_0042c3e1	DEFAULT
0042c3e9	Label	Global	LAB_0042c3e9	DEFAULT
0042c410	Function	Global	FUN_0042c410	DEFAULT
0042c447	Label	Global	LAB_0042c447	DEFAULT
0042c450	Label	Global	LAB_0042c450	DEFAULT
0042c467	Label	Global	LAB_0042c467	DEFAULT
0042c46b	Label	Global	LAB_0042c46b	DEFAULT
0042c483	Label	Global	LAB_0042c483	DEFAULT
0042c490	Label	Global	LAB_0042c490	DEFAULT
0042c4d0	Label	Global	LAB_0042c4d0	DEFAULT
0042c4ee	Label	Global	LAB_0042c4ee	DEFAULT
0042c511	Label	Global	LAB_0042c511	DEFAULT
0042c520	Function	Global	FUN_0042c520	DEFAULT
0042c53d	Label	Global	LAB_0042c53d	DEFAULT
0042c547	Label	Global	LAB_0042c547	DEFAULT
0042c558	Label	Global	LAB_0042c558	DEFAULT
0042c590	Label	Global	LAB_0042c590	DEFAULT
0042c5a0	Function	Global	thunk_FUN_0042c520	DEFAULT
0042c5b0	Function	Global	FUN_0042c5b0	DEFAULT
0042c5c4	Label	Global	LAB_0042c5c4	DEFAULT
0042c604	Label	Global	LAB_0042c604	DEFAULT
0042c610	Label	Global	LAB_0042c610	DEFAULT
0042c620	Label	Global	LAB_0042c620	DEFAULT
0042c627	Label	Global	LAB_0042c627	DEFAULT
0042c630	Function	Global	thunk_FUN_0042c5b0	DEFAULT
0042c640	Function	Global	FUN_0042c640	DEFAULT
0042c660	Label	Global	LAB_0042c660	DEFAULT
0042c678	Label	Global	LAB_0042c678	DEFAULT
0042c680	Function	Global	FUN_0042c680	DEFAULT
0042c6b1	Label	Global	LAB_0042c6b1	DEFAULT
0042c6c0	Label	Global	LAB_0042c6c0	DEFAULT
0042c6d0	Function	Global	FUN_0042c6d0	DEFAULT
0042c718	Label	Global	LAB_0042c718	DEFAULT
0042c730	Function	Global	FUN_0042c730	DEFAULT
0042c748	Label	Global	LAB_0042c748	DEFAULT
0042c7f0	Function	Global	FUN_0042c7f0	DEFAULT
0042c820	Label	Global	LAB_0042c820	DEFAULT
0042c832	Label	Global	LAB_0042c832	DEFAULT
0042c83e	Label	Global	LAB_0042c83e	DEFAULT
0042c860	Label	Global	LAB_0042c860	DEFAULT
0042c890	Label	Global	LAB_0042c890	DEFAULT
0042c8a0	Label	Global	LAB_0042c8a0	DEFAULT
0042c8b8	Label	Global	LAB_0042c8b8	DEFAULT
0042c8ca	Label	Global	LAB_0042c8ca	DEFAULT
0042c8f0	Function	Global	FUN_0042c8f0	DEFAULT
0042c908	Label	Global	LAB_0042c908	DEFAULT
0042c911	Label	Global	LAB_0042c911	DEFAULT
0042c91a	Label	Global	LAB_0042c91a	DEFAULT
0042c91d	Label	Global	LAB_0042c91d	DEFAULT
0042c920	Function	Global	FUN_0042c920	DEFAULT
0042c938	Label	Global	LAB_0042c938	DEFAULT
0042c944	Label	Global	LAB_0042c944	DEFAULT
0042c958	Label	Global	LAB_0042c958	DEFAULT
0042c960	Label	Global	LAB_0042c960	DEFAULT
0042c970	Function	Global	FUN_0042c970	DEFAULT
0042ca10	Label	Global	LAB_0042ca10	DEFAULT
0042ca30	Label	Global	LAB_0042ca30	DEFAULT
0042ca40	Label	Global	LAB_0042ca40	DEFAULT
0042ca58	Label	Global	LAB_0042ca58	DEFAULT
0042ca61	Label	Global	LAB_0042ca61	DEFAULT
0042ca68	Label	Global	LAB_0042ca68	DEFAULT
0042ca79	Label	Global	LAB_0042ca79	DEFAULT
0042ca80	Label	Global	LAB_0042ca80	DEFAULT
0042ca8b	Label	Global	LAB_0042ca8b	DEFAULT
0042ca94	Label	Global	LAB_0042ca94	DEFAULT
0042caa8	Label	Global	LAB_0042caa8	DEFAULT
0042cac0	Label	Global	LAB_0042cac0	DEFAULT
0042cac5	Label	Global	LAB_0042cac5	DEFAULT
0042caee	Label	Global	LAB_0042caee	DEFAULT
0042caf1	Label	Global	LAB_0042caf1	DEFAULT
0042cb20	Label	Global	LAB_0042cb20	DEFAULT
0042cb26	Label	Global	LAB_0042cb26	DEFAULT
0042cb40	Function	Global	FUN_0042cb40	DEFAULT
0042cba8	Label	Global	LAB_0042cba8	DEFAULT
0042cbab	Label	Global	LAB_0042cbab	DEFAULT
0042cbd0	Label	Global	LAB_0042cbd0	DEFAULT
0042cc00	Label	Global	LAB_0042cc00	DEFAULT
0042cc20	Function	Global	FUN_0042cc20	DEFAULT
0042cc4f	Label	Global	LAB_0042cc4f	DEFAULT
0042cc5a	Label	Global	LAB_0042cc5a	DEFAULT
0042cc70	Label	Global	LAB_0042cc70	DEFAULT
0042cca0	Label	Global	LAB_0042cca0	DEFAULT
0042cd30	Function	Global	FUN_0042cd30	DEFAULT
0042cd50	Label	Global	LAB_0042cd50	DEFAULT
0042cd60	Label	Global	LAB_0042cd60	DEFAULT
0042cd80	Function	Global	FUN_0042cd80	DEFAULT
0042ce20	Label	Global	LAB_0042ce20	DEFAULT
0042ce2b	Label	Global	LAB_0042ce2b	DEFAULT
0042ce40	Function	Global	FUN_0042ce40	DEFAULT
0042ce70	Label	Global	LAB_0042ce70	DEFAULT
0042cee0	Function	Global	FUN_0042cee0	DEFAULT
0042cf30	Label	Global	LAB_0042cf30	DEFAULT
0042cf50	Function	Global	FUN_0042cf50	DEFAULT
0042cf83	Label	Global	LAB_0042cf83	DEFAULT
0042cf8e	Label	Global	LAB_0042cf8e	DEFAULT
0042cfa8	Label	Global	LAB_0042cfa8	DEFAULT
0042d010	Label	Global	LAB_0042d010	DEFAULT
0042d030	Function	Global	FUN_0042d030	DEFAULT
0042d090	Label	Global	LAB_0042d090	DEFAULT
0042d0b2	Label	Global	LAB_0042d0b2	DEFAULT
0042d0bf	Label	Global	LAB_0042d0bf	DEFAULT
0042d0c2	Label	Global	LAB_0042d0c2	DEFAULT
0042d0d0	Label	Global	LAB_0042d0d0	DEFAULT
0042d0db	Label	Global	LAB_0042d0db	DEFAULT
0042d0e3	Label	Global	LAB_0042d0e3	DEFAULT
0042d100	Label	Global	LAB_0042d100	DEFAULT
0042d110	Label	Global	LAB_0042d110	DEFAULT
0042d120	Label	Global	LAB_0042d120	DEFAULT
0042d150	Function	Global	FUN_0042d150	DEFAULT
0042d160	Label	Global	LAB_0042d160	DEFAULT
0042d170	Function	Global	FUN_0042d170	DEFAULT
0042d1a9	Label	Global	LAB_0042d1a9	DEFAULT
0042d1b1	Label	Global	LAB_0042d1b1	DEFAULT
0042d1c8	Label	Global	LAB_0042d1c8	DEFAULT
0042d1cf	Label	Global	LAB_0042d1cf	DEFAULT
0042d1e0	Label	Global	LAB_0042d1e0	DEFAULT
0042d200	Function	Global	FUN_0042d200	DEFAULT
0042d22d	Label	Global	LAB_0042d22d	DEFAULT
0042d240	Label	Global	LAB_0042d240	DEFAULT
0042d290	Label	Global	LAB_0042d290	DEFAULT
0042d2c0	Function	Global	FUN_0042d2c0	DEFAULT
0042d2e4	Label	Global	LAB_0042d2e4	DEFAULT
0042d2f3	Label	Global	LAB_0042d2f3	DEFAULT
0042d340	Label	Global	LAB_0042d340	DEFAULT
0042d348	Label	Global	LAB_0042d348	DEFAULT
0042d34f	Label	Global	LAB_0042d34f	DEFAULT
0042d370	Function	Global	FUN_0042d370	DEFAULT
0042d3a4	Label	Global	LAB_0042d3a4	DEFAULT
0042d3b7	Label	Global	LAB_0042d3b7	DEFAULT
0042d3d0	Label	Global	LAB_0042d3d0	DEFAULT
0042d3e0	Label	Global	LAB_0042d3e0	DEFAULT
0042d400	Label	Global	LAB_0042d400	DEFAULT
0042d620	Function	Global	FUN_0042d620	DEFAULT
0042d656	Label	Global	LAB_0042d656	DEFAULT
0042d67b	Label	Global	LAB_0042d67b	DEFAULT
0042d6a8	Label	Global	LAB_0042d6a8	DEFAULT
0042d6ae	Label	Global	LAB_0042d6ae	DEFAULT
0042d6c8	Label	Global	LAB_0042d6c8	DEFAULT
0042d6f0	Label	Global	LAB_0042d6f0	DEFAULT
0042d6fb	Label	Global	LAB_0042d6fb	DEFAULT
0042d700	Label	Global	LAB_0042d700	DEFAULT
0042d703	Label	Global	LAB_0042d703	DEFAULT
0042d710	Label	Global	LAB_0042d710	DEFAULT
0042dad0	Function	Global	FUN_0042dad0	DEFAULT
0042db0f	Label	Global	LAB_0042db0f	DEFAULT
0042db20	Label	Global	LAB_0042db20	DEFAULT
0042db38	Label	Global	LAB_0042db38	DEFAULT
0042db49	Label	Global	LAB_0042db49	DEFAULT
0042db54	Label	Global	LAB_0042db54	DEFAULT
0042db5d	Label	Global	LAB_0042db5d	DEFAULT
0042db70	Label	Global	LAB_0042db70	DEFAULT
0042db82	Label	Global	LAB_0042db82	DEFAULT
0042db90	Function	Global	FUN_0042db90	DEFAULT
0042dbd8	Label	Global	LAB_0042dbd8	DEFAULT
0042dbe8	Label	Global	LAB_0042dbe8	DEFAULT
0042dc00	Label	Global	LAB_0042dc00	DEFAULT
0042dc38	Label	Global	LAB_0042dc38	DEFAULT
0042dc49	Label	Global	LAB_0042dc49	DEFAULT
0042dc54	Label	Global	LAB_0042dc54	DEFAULT
0042dc70	Function	Global	FUN_0042dc70	DEFAULT
0042dc9f	Label	Global	LAB_0042dc9f	DEFAULT
0042ded0	Function	Global	FUN_0042ded0	DEFAULT
0042dee0	Label	Global	LAB_0042dee0	DEFAULT
0042e0a0	Function	Global	FUN_0042e0a0	DEFAULT
0042e0b9	Label	Global	LAB_0042e0b9	DEFAULT
0042e0bc	Label	Global	LAB_0042e0bc	DEFAULT
0042e0d0	Label	Global	LAB_0042e0d0	DEFAULT
0042e108	Label	Global	LAB_0042e108	DEFAULT
0042e118	Label	Global	LAB_0042e118	DEFAULT
0042e130	Label	Global	LAB_0042e130	DEFAULT
0042e140	Function	Global	FUN_0042e140	DEFAULT
0042e18a	Label	Global	LAB_0042e18a	DEFAULT
0042e1a0	Label	Global	LAB_0042e1a0	DEFAULT
0042e1b0	Label	Global	LAB_0042e1b0	DEFAULT
0042e1d0	Label	Global	LAB_0042e1d0	DEFAULT
0042e1e0	Function	Global	FUN_0042e1e0	DEFAULT
0042e1f0	Label	Global	LAB_0042e1f0	DEFAULT
0042e200	Function	Global	FUN_0042e200	DEFAULT
0042e269	Label	Global	LAB_0042e269	DEFAULT
0042e280	Label	Global	LAB_0042e280	DEFAULT
0042e296	Label	Global	LAB_0042e296	DEFAULT
0042e2a4	Label	Global	LAB_0042e2a4	DEFAULT
0042e2b0	Label	Global	LAB_0042e2b0	DEFAULT
0042e2d0	Label	Global	LAB_0042e2d0	DEFAULT
0042e380	Function	Global	FUN_0042e380	DEFAULT
0042e3a8	Label	Global	LAB_0042e3a8	DEFAULT
0042e3c7	Label	Global	LAB_0042e3c7	DEFAULT
0042e3d0	Label	Global	LAB_0042e3d0	DEFAULT
0042e4c0	Function	Global	FUN_0042e4c0	DEFAULT
0042e510	Label	Global	LAB_0042e510	DEFAULT
0042e533	Label	Global	LAB_0042e533	DEFAULT
0042e545	Label	Global	LAB_0042e545	DEFAULT
0042e560	Label	Global	LAB_0042e560	DEFAULT
0042e570	Label	Global	LAB_0042e570	DEFAULT
0042e5a0	Label	Global	LAB_0042e5a0	DEFAULT
0042e5a8	Label	Global	LAB_0042e5a8	DEFAULT
0042e5c0	Function	Global	FUN_0042e5c0	DEFAULT
0042e5e4	Label	Global	LAB_0042e5e4	DEFAULT
0042e600	Label	Global	LAB_0042e600	DEFAULT
0042e610	Function	Global	FUN_0042e610	DEFAULT
0042e639	Label	Global	LAB_0042e639	DEFAULT
0042e65b	Label	Global	LAB_0042e65b	DEFAULT
0042e680	Label	Global	LAB_0042e680	DEFAULT
0042e688	Label	Global	LAB_0042e688	DEFAULT
0042e6c8	Label	Global	LAB_0042e6c8	DEFAULT
0042e6d9	Label	Global	LAB_0042e6d9	DEFAULT
0042e708	Label	Global	LAB_0042e708	DEFAULT
0042e760	Function	KERNEL32.DLL	FreeLibrary	DEFAULT
0042e770	Function	Global	FUN_0042e770	DEFAULT
0042e78a	Label	Global	LAB_0042e78a	DEFAULT
0042e798	Label	Global	LAB_0042e798	DEFAULT
0042e7d0	Function	Global	FUN_0042e7d0	DEFAULT
0042e7fa	Label	Global	LAB_0042e7fa	DEFAULT
0042e80a	Label	Global	LAB_0042e80a	DEFAULT
0042e820	Function	Global	FUN_0042e820	DEFAULT
0042e830	Label	Global	LAB_0042e830	DEFAULT
0042e850	Function	Global	FUN_0042e850	DEFAULT
0042e870	Function	Global	FUN_0042e870	DEFAULT
0042e8c0	Function	Global	FUN_0042e8c0	DEFAULT
0042e8e0	Label	Global	LAB_0042e8e0	DEFAULT
0042e8f0	Label	Global	LAB_0042e8f0	DEFAULT
0042e900	Function	Global	FUN_0042e900	DEFAULT
0042e930	Label	Global	LAB_0042e930	DEFAULT
0042e940	Function	Global	FUN_0042e940	DEFAULT
0042e968	Label	Global	LAB_0042e968	DEFAULT
0042e976	Label	Global	LAB_0042e976	DEFAULT
0042e9a0	Function	Global	FUN_0042e9a0	DEFAULT
0042e9bb	Label	Global	LAB_0042e9bb	DEFAULT
0042e9d3	Label	Global	LAB_0042e9d3	DEFAULT
0042e9e8	Label	Global	LAB_0042e9e8	DEFAULT
0042ea00	Function	Global	FUN_0042ea00	DEFAULT
0042ea20	Label	Global	LAB_0042ea20	DEFAULT
0042ea39	Label	Global	LAB_0042ea39	DEFAULT
0042ea40	Function	Global	FUN_0042ea40	DEFAULT
0042ea60	Label	Global	LAB_0042ea60	DEFAULT
0042ea82	Label	Global	LAB_0042ea82	DEFAULT
0042ea90	Label	Global	LAB_0042ea90	DEFAULT
0042ea98	Label	Global	LAB_0042ea98	DEFAULT
0042eaa0	Function	Global	FUN_0042eaa0	DEFAULT
0042eab8	Label	Global	LAB_0042eab8	DEFAULT
0042eae0	Function	Global	FUN_0042eae0	DEFAULT
0042eb20	Label	Global	LAB_0042eb20	DEFAULT
0042eb24	Label	Global	LAB_0042eb24	DEFAULT
0042eb32	Label	Global	LAB_0042eb32	DEFAULT
0042eb40	Label	Global	LAB_0042eb40	DEFAULT
0042eb50	Label	Global	LAB_0042eb50	DEFAULT
0042eb60	Function	Global	FUN_0042eb60	DEFAULT
0042eb70	Label	Global	LAB_0042eb70	DEFAULT
0042eb80	Function	Global	FUN_0042eb80	DEFAULT
0042eb9b	Label	Global	LAB_0042eb9b	DEFAULT
0042eba8	Label	Global	LAB_0042eba8	DEFAULT
0042ebc0	Function	Global	FUN_0042ebc0	DEFAULT
0042ec50	Function	Global	FUN_0042ec50	DEFAULT
0042ec6e	Label	Global	LAB_0042ec6e	DEFAULT
0042ed40	Function	Global	FUN_0042ed40	DEFAULT
0042ed70	Label	Global	LAB_0042ed70	DEFAULT
0042ed7f	Label	Global	LAB_0042ed7f	DEFAULT
0042eda3	Label	Global	LAB_0042eda3	DEFAULT
0042edb0	Function	Global	FUN_0042edb0	DEFAULT
0042ee40	Function	Global	FUN_0042ee40	DEFAULT
0042ee50	Function	Global	FUN_0042ee50	DEFAULT
0042ee68	Label	Global	LAB_0042ee68	DEFAULT
0042ee70	Function	Global	FUN_0042ee70	DEFAULT
0042ee88	Label	Global	LAB_0042ee88	DEFAULT
0042ee90	Function	Global	FUN_0042ee90	DEFAULT
0042eea8	Label	Global	LAB_0042eea8	DEFAULT
0042eeb0	Function	Global	FUN_0042eeb0	DEFAULT
0042eedc	Label	Global	LAB_0042eedc	DEFAULT
0042eeec	Label	Global	LAB_0042eeec	DEFAULT
0042eef7	Label	Global	LAB_0042eef7	DEFAULT
0042ef02	Label	Global	LAB_0042ef02	DEFAULT
0042ef10	Label	Global	LAB_0042ef10	DEFAULT
0042ef60	Function	Global	FUN_0042ef60	DEFAULT
0042ef8a	Label	Global	LAB_0042ef8a	DEFAULT
0042ef90	Function	Global	FUN_0042ef90	DEFAULT
0042efc0	Function	Global	FUN_0042efc0	DEFAULT
0042f019	Label	Global	LAB_0042f019	DEFAULT
0042f048	Label	Global	LAB_0042f048	DEFAULT
0042f058	Label	Global	LAB_0042f058	DEFAULT
0042f070	Function	Global	FUN_0042f070	DEFAULT
0042f090	Label	Global	LAB_0042f090	DEFAULT
0042f0c0	Function	Global	FUN_0042f0c0	DEFAULT
0042f0d0	Label	Global	LAB_0042f0d0	DEFAULT
0042f210	Function	Global	FUN_0042f210	DEFAULT
0042f233	Label	Global	LAB_0042f233	DEFAULT
0042f263	Label	Global	LAB_0042f263	DEFAULT
0042f26f	Label	Global	LAB_0042f26f	DEFAULT
0042f27b	Label	Global	LAB_0042f27b	DEFAULT
0042f288	Label	Global	LAB_0042f288	DEFAULT
0042f298	Label	Global	LAB_0042f298	DEFAULT
0042f2a4	Label	Global	LAB_0042f2a4	DEFAULT
0042f2af	Label	Global	LAB_0042f2af	DEFAULT
0042f2ba	Label	Global	LAB_0042f2ba	DEFAULT
0042f370	Function	Global	FUN_0042f370	DEFAULT
0042f393	Label	Global	LAB_0042f393	DEFAULT
0042f3d2	Label	Global	LAB_0042f3d2	DEFAULT
0042f3e0	Label	Global	LAB_0042f3e0	DEFAULT
0042f3ee	Label	Global	LAB_0042f3ee	DEFAULT
0042f3fc	Label	Global	LAB_0042f3fc	DEFAULT
0042f410	Function	Global	FUN_0042f410	DEFAULT
0042f440	Label	Global	LAB_0042f440	DEFAULT
0042f464	Label	Global	LAB_0042f464	DEFAULT
0042f470	Function	Global	FUN_0042f470	DEFAULT
0042f490	Label	Global	LAB_0042f490	DEFAULT
0042f4a0	Function	Global	FUN_0042f4a0	DEFAULT
0042f4d0	Function	Global	FUN_0042f4d0	DEFAULT
0042f4f0	Function	Global	FUN_0042f4f0	DEFAULT
0042f4fd	Label	Global	LAB_0042f4fd	DEFAULT
0042f510	Label	Global	LAB_0042f510	DEFAULT
0042f520	Function	Global	FUN_0042f520	DEFAULT
0042f539	Label	Global	LAB_0042f539	DEFAULT
0042f53c	Label	Global	LAB_0042f53c	DEFAULT
0042f550	Label	Global	LAB_0042f550	DEFAULT
0042f559	Label	Global	LAB_0042f559	DEFAULT
0042f560	Function	KERNEL32.DLL	Sleep	DEFAULT
0042f570	Function	Global	FUN_0042f570	DEFAULT
0042f587	Label	Global	LAB_0042f587	DEFAULT
0042f590	Label	Global	LAB_0042f590	DEFAULT
0042f5a4	Label	Global	LAB_0042f5a4	DEFAULT
0042f5b0	Label	Global	LAB_0042f5b0	DEFAULT
0042f5ba	Label	Global	LAB_0042f5ba	DEFAULT
0042f5d0	Label	Global	LAB_0042f5d0	DEFAULT
0042f5e0	Function	Global	FUN_0042f5e0	DEFAULT
0042f5fa	Label	Global	LAB_0042f5fa	DEFAULT
0042f610	Label	Global	LAB_0042f610	DEFAULT
0042f628	Label	Global	LAB_0042f628	DEFAULT
0042f665	Label	Global	LAB_0042f665	DEFAULT
0042f669	Label	Global	LAB_0042f669	DEFAULT
0042f680	Label	Global	LAB_0042f680	DEFAULT
0042f6b0	Label	Global	LAB_0042f6b0	DEFAULT
0042f6c0	Label	Global	LAB_0042f6c0	DEFAULT
0042f6d0	Label	Global	LAB_0042f6d0	DEFAULT
0042f6e3	Label	Global	LAB_0042f6e3	DEFAULT
0042f76c	Label	Global	LAB_0042f76c	DEFAULT
0042f788	Label	Global	LAB_0042f788	DEFAULT
0042f790	Label	Global	LAB_0042f790	DEFAULT
0042f7b0	Function	Global	FUN_0042f7b0	DEFAULT
0042f7cc	Label	Global	LAB_0042f7cc	DEFAULT
0042f7d2	Label	Global	LAB_0042f7d2	DEFAULT
0042f7da	Label	Global	LAB_0042f7da	DEFAULT
0042f7e0	Label	Global	LAB_0042f7e0	DEFAULT
0042f7f0	Label	Global	LAB_0042f7f0	DEFAULT
0042f810	Label	Global	LAB_0042f810	DEFAULT
0042f820	Label	Global	LAB_0042f820	DEFAULT
0042f827	Label	Global	LAB_0042f827	DEFAULT
0042f840	Label	Global	LAB_0042f840	DEFAULT
0042f886	Label	Global	LAB_0042f886	DEFAULT
0042f88b	Label	Global	LAB_0042f88b	DEFAULT
0042f890	Label	Global	LAB_0042f890	DEFAULT
0042f8ad	Label	Global	LAB_0042f8ad	DEFAULT
0042f8b1	Label	Global	LAB_0042f8b1	DEFAULT
0042f8c0	Label	Global	LAB_0042f8c0	DEFAULT
0042f8cb	Label	Global	LAB_0042f8cb	DEFAULT
0042f8e0	Label	Global	LAB_0042f8e0	DEFAULT
0042f906	Label	Global	LAB_0042f906	DEFAULT
0042f90e	Label	Global	LAB_0042f90e	DEFAULT
0042f928	Label	Global	LAB_0042f928	DEFAULT
0042f940	Label	Global	LAB_0042f940	DEFAULT
0042f950	Label	Global	LAB_0042f950	DEFAULT
0042f960	Label	Global	LAB_0042f960	DEFAULT
0042f974	Label	Global	LAB_0042f974	DEFAULT
0042f980	Function	Global	FUN_0042f980	DEFAULT
0042f9ad	Label	Global	LAB_0042f9ad	DEFAULT
0042fa62	Label	Global	LAB_0042fa62	DEFAULT
0042fa7d	Label	Global	LAB_0042fa7d	DEFAULT
0042fa88	Label	Global	LAB_0042fa88	DEFAULT
0042fab1	Label	Global	LAB_0042fab1	DEFAULT
0042faba	Label	Global	LAB_0042faba	DEFAULT
0042fac4	Label	Global	LAB_0042fac4	DEFAULT
0042fb17	Label	Global	LAB_0042fb17	DEFAULT
0042fb2e	Label	Global	LAB_0042fb2e	DEFAULT
0042fb44	Label	Global	LAB_0042fb44	DEFAULT
0042fb75	Label	Global	LAB_0042fb75	DEFAULT
0042fb83	Label	Global	LAB_0042fb83	DEFAULT
0042fba0	Function	Global	FUN_0042fba0	DEFAULT
0042fbc7	Label	Global	LAB_0042fbc7	DEFAULT
0042fbf0	Label	Global	LAB_0042fbf0	DEFAULT
0042fc0f	Label	Global	LAB_0042fc0f	DEFAULT
0042fc28	Label	Global	LAB_0042fc28	DEFAULT
0042fc78	Label	Global	LAB_0042fc78	DEFAULT
0042fc90	Label	Global	LAB_0042fc90	DEFAULT
0042fca3	Label	Global	LAB_0042fca3	DEFAULT
0042fcc0	Label	Global	LAB_0042fcc0	DEFAULT
0042fcd0	Label	Global	LAB_0042fcd0	DEFAULT
0042fd00	Function	Global	FUN_0042fd00	DEFAULT
0042fef0	Function	Global	FUN_0042fef0	DEFAULT
0042ff08	Label	Global	LAB_0042ff08	DEFAULT
0042ff24	Label	Global	LAB_0042ff24	DEFAULT
0042ff30	Function	Global	FUN_0042ff30	DEFAULT
0042ff46	Label	Global	LAB_0042ff46	DEFAULT
0042ff60	Label	Global	LAB_0042ff60	DEFAULT
0042ff6b	Label	Global	LAB_0042ff6b	DEFAULT
0042ff80	Label	Global	LAB_0042ff80	DEFAULT
0042ff88	Label	Global	LAB_0042ff88	DEFAULT
0042ffa0	Function	Global	FUN_0042ffa0	DEFAULT
0042ffb0	Label	Global	LAB_0042ffb0	DEFAULT
0042ffd8	Function	MSVCRT.DLL	wcsncmp	DEFAULT
0042ffe0	Function	MSVCRT.DLL	wcslen	DEFAULT
0042fff8	Function	MSVCRT.DLL	towupper	DEFAULT
00430010	Function	MSVCRT.DLL	strtoul	DEFAULT
00430018	Function	MSVCRT.DLL	strlen	DEFAULT
00430020	Function	MSVCRT.DLL	strchr	DEFAULT
00430028	Label	Global	LAB_00430028	DEFAULT
00430030	Function	MSVCRT.DLL	realloc	DEFAULT
00430040	Function	MSVCRT.DLL	memset	DEFAULT
00430048	Function	MSVCRT.DLL	memcpy	DEFAULT
00430050	Function	MSVCRT.DLL	memcmp	DEFAULT
00430058	Function	MSVCRT.DLL	memchr	DEFAULT
00430060	Function	MSVCRT.DLL	mbstowcs	DEFAULT
00430068	Function	MSVCRT.DLL	malloc	DEFAULT
00430070	Function	MSVCRT.DLL	iswctype	DEFAULT
00430088	Function	MSVCRT.DLL	free	DEFAULT
00430090	Label	Global	LAB_00430090	DEFAULT
00430098	Function	MSVCRT.DLL	exit	DEFAULT
004300a0	Function	MSVCRT.DLL	calloc	DEFAULT
004300d0	Function	MSVCRT.DLL	_onexit	DEFAULT
004300e8	Function	MSVCRT.DLL	_initterm	DEFAULT
00430108	Function	MSVCRT.DLL	_cexit	DEFAULT
00430110	Function	MSVCRT.DLL	_amsg_exit	DEFAULT
00430118	Function	MSVCRT.DLL	__set_app_type	DEFAULT
00430120	Function	MSVCRT.DLL	__getmainargs	DEFAULT
00430130	Function	Global	FUN_00430130	DEFAULT
00430150	Function	Global	FUN_00430150	DEFAULT
00430160	Function	Global	FUN_00430160	DEFAULT
00430170	Function	Global	FUN_00430170	DEFAULT
00430180	Function	Global	FUN_00430180	DEFAULT
00430190	Function	MSVCRT.DLL	__iob_func	DEFAULT
004301a0	Function	MSVCRT.DLL	__lconv_init	DEFAULT
004301b0	Function	Global	FUN_004301b0	DEFAULT
004301c0	Function	Global	FUN_004301c0	DEFAULT
00430200	Label	Global	LAB_00430200	DEFAULT
00430261	Label	Global	LAB_00430261	DEFAULT
00430280	Label	Global	LAB_00430280	DEFAULT
004302a0	Function	Global	FUN_004302a0	DEFAULT
00430313	Label	Global	LAB_00430313	DEFAULT
0043037d	Label	Global	LAB_0043037d	DEFAULT
004303a0	Function	Global	tls_callback_1	IMPORTED
004303c0	Label	Global	LAB_004303c0	DEFAULT
004303d0	Function	Global	tls_callback_0	IMPORTED
004303e8	Label	Global	LAB_004303e8	DEFAULT
004303f2	Label	Global	LAB_004303f2	DEFAULT
00430400	Label	Global	LAB_00430400	DEFAULT
00430418	Label	Global	LAB_00430418	DEFAULT
00430422	Label	Global	LAB_00430422	DEFAULT
00430440	Label	Global	LAB_00430440	DEFAULT
00430460	Function	Global	FUN_00430460	DEFAULT
00430470	Function	Global	FUN_00430470	DEFAULT
0043049f	Label	switchD_0043049f	switchD	ANALYSIS
004304a8	Label	switchD_0043049f	caseD_2	ANALYSIS
004304af	Label	Global	LAB_004304af	DEFAULT
00430510	Label	switchD_0043049f	caseD_1	ANALYSIS
00430520	Label	switchD_0043049f	caseD_6	ANALYSIS
00430530	Label	switchD_0043049f	caseD_3	ANALYSIS
00430540	Label	switchD_0043049f	caseD_4	ANALYSIS
00430550	Label	switchD_0043049f	caseD_5	ANALYSIS
0043055c	Label	switchD_0043049f	caseD_0	ANALYSIS
00430570	Function	Global	FUN_00430570	DEFAULT
00430580	Function	Global	FUN_00430580	DEFAULT
004305f0	Function	Global	FUN_004305f0	DEFAULT
00430620	Label	Global	LAB_00430620	DEFAULT
0043063c	Label	Global	LAB_0043063c	DEFAULT
00430647	Label	Global	LAB_00430647	DEFAULT
004306c0	Label	Global	LAB_004306c0	DEFAULT
004306c7	Label	Global	LAB_004306c7	DEFAULT
004306e9	Label	Global	LAB_004306e9	DEFAULT
004306f8	Label	Global	LAB_004306f8	DEFAULT
0043072a	Label	Global	LAB_0043072a	DEFAULT
00430750	Label	Global	LAB_00430750	DEFAULT
00430798	Label	Global	LAB_00430798	DEFAULT
004307a0	Label	Global	LAB_004307a0	DEFAULT
004307c0	Label	Global	LAB_004307c0	DEFAULT
004307d2	Label	Global	LAB_004307d2	DEFAULT
004307e1	Label	Global	LAB_004307e1	DEFAULT
00430800	Function	Global	FUN_00430800	DEFAULT
00430822	Label	Global	LAB_00430822	DEFAULT
00430838	Label	Global	LAB_00430838	DEFAULT
0043089d	Label	Global	LAB_0043089d	DEFAULT
004308a8	Label	Global	LAB_004308a8	DEFAULT
004308e0	Label	Global	LAB_004308e0	DEFAULT
00430910	Label	Global	LAB_00430910	DEFAULT
00430919	Label	Global	LAB_00430919	DEFAULT
00430990	Label	Global	LAB_00430990	DEFAULT
004309b0	Label	Global	LAB_004309b0	DEFAULT
004309d0	Label	Global	LAB_004309d0	DEFAULT
004309e8	Label	Global	LAB_004309e8	DEFAULT
00430a10	Label	Global	LAB_00430a10	DEFAULT
00430a40	Label	Global	LAB_00430a40	DEFAULT
00430a70	Label	Global	LAB_00430a70	DEFAULT
00430a98	Label	Global	LAB_00430a98	DEFAULT
00430ac1	Label	Global	LAB_00430ac1	DEFAULT
00430ad8	Label	Global	LAB_00430ad8	DEFAULT
00430af0	Function	Global	FUN_00430af0	DEFAULT
00430b2c	Label	Global	LAB_00430b2c	DEFAULT
00430b40	Function	Global	FUN_00430b40	DEFAULT
00430b50	Function	Global	FUN_00430b50	DEFAULT
00430b80	Label	switchD_00430b80	switchD	ANALYSIS
00430b82	Label	switchD_00430b80	caseD_c000008d	ANALYSIS
00430b82	Label	switchD_00430b80	caseD_c000008e	ANALYSIS
00430b82	Label	switchD_00430b80	caseD_c000008f	ANALYSIS
00430b82	Label	switchD_00430b80	caseD_c0000090	ANALYSIS
00430b82	Label	switchD_00430b80	caseD_c0000091	ANALYSIS
00430b82	Label	switchD_00430b80	caseD_c0000093	ANALYSIS
00430bac	Label	switchD_00430b80	caseD_c0000092	ANALYSIS
00430bac	Label	switchD_00430b80	caseD_c0000095	ANALYSIS
00430baf	Label	Global	LAB_00430baf	DEFAULT
00430bc0	Label	Global	LAB_00430bc0	DEFAULT
00430be2	Label	switchD_00430b80	caseD_c0000096	ANALYSIS
00430c13	Label	Global	LAB_00430c13	DEFAULT
00430c27	Label	switchD_00430b80	caseD_c0000094	ANALYSIS
00430c3d	Label	Global	LAB_00430c3d	DEFAULT
00430c60	Label	Global	LAB_00430c60	DEFAULT
00430c90	Label	Global	LAB_00430c90	DEFAULT
00430ca0	Label	Global	LAB_00430ca0	DEFAULT
00430cb0	Label	Global	LAB_00430cb0	DEFAULT
00430cd0	Label	Global	LAB_00430cd0	DEFAULT
00430cf0	Label	Global	LAB_00430cf0	DEFAULT
00430d10	Function	Global	FUN_00430d10	DEFAULT
00430d4c	Label	Global	LAB_00430d4c	DEFAULT
00430d51	Label	Global	LAB_00430d51	DEFAULT
00430d60	Label	Global	LAB_00430d60	DEFAULT
00430da0	Label	Global	LAB_00430da0	DEFAULT
00430dcd	Label	Global	LAB_00430dcd	DEFAULT
00430df0	Label	Global	LAB_00430df0	DEFAULT
00430df5	Label	Global	LAB_00430df5	DEFAULT
00430e10	Function	Global	FUN_00430e10	DEFAULT
00430e32	Label	Global	LAB_00430e32	DEFAULT
00430e5c	Label	switchD_00430e5c	switchD	ANALYSIS
00430e5e	Label	switchD_00430e5c	caseD_c000008d	ANALYSIS
00430e5e	Label	switchD_00430e5c	caseD_c000008e	ANALYSIS
00430e5e	Label	switchD_00430e5c	caseD_c000008f	ANALYSIS
00430e5e	Label	switchD_00430e5c	caseD_c0000090	ANALYSIS
00430e5e	Label	switchD_00430e5c	caseD_c0000091	ANALYSIS
00430e5e	Label	switchD_00430e5c	caseD_c0000093	ANALYSIS
00430e88	Label	switchD_00430e5c	caseD_c0000092	ANALYSIS
00430e88	Label	switchD_00430e5c	caseD_c0000095	ANALYSIS
00430e8d	Label	Global	LAB_00430e8d	DEFAULT
00430e98	Label	Global	LAB_00430e98	DEFAULT
00430eb3	Label	switchD_00430e5c	caseD_c0000096	ANALYSIS
00430ee0	Label	Global	LAB_00430ee0	DEFAULT
00430ee7	Label	Global	LAB_00430ee7	DEFAULT
00430f00	Label	Global	LAB_00430f00	DEFAULT
00430f10	Label	Global	LAB_00430f10	DEFAULT
00430f19	Label	switchD_00430e5c	caseD_c0000094	ANALYSIS
00430f2b	Label	Global	LAB_00430f2b	DEFAULT
00430f48	Label	Global	LAB_00430f48	DEFAULT
00430f70	Label	Global	LAB_00430f70	DEFAULT
00430f90	Label	Global	LAB_00430f90	DEFAULT
00430fa9	Label	Global	LAB_00430fa9	DEFAULT
00430fc0	Function	Global	FUN_00430fc0	DEFAULT
00430ff0	Label	Global	LAB_00430ff0	DEFAULT
0043100b	Label	Global	LAB_0043100b	DEFAULT
00431014	Label	Global	LAB_00431014	DEFAULT
00431030	Function	Global	FUN_00431030	DEFAULT
00431046	Label	Global	LAB_00431046	DEFAULT
00431050	Label	Global	LAB_00431050	DEFAULT
004310a3	Label	Global	LAB_004310a3	DEFAULT
004310b0	Function	Global	FUN_004310b0	DEFAULT
004310d0	Label	Global	LAB_004310d0	DEFAULT
004310f0	Label	Global	LAB_004310f0	DEFAULT
004310fb	Label	Global	LAB_004310fb	DEFAULT
0043110e	Label	Global	LAB_0043110e	DEFAULT
00431113	Label	Global	LAB_00431113	DEFAULT
00431130	Label	Global	LAB_00431130	DEFAULT
00431140	Function	Global	FUN_00431140	DEFAULT
0043115e	Label	Global	LAB_0043115e	DEFAULT
00431168	Label	Global	LAB_00431168	DEFAULT
00431178	Label	Global	LAB_00431178	DEFAULT
00431190	Label	Global	LAB_00431190	DEFAULT
004311a0	Label	Global	LAB_004311a0	DEFAULT
004311af	Label	Global	LAB_004311af	DEFAULT
004311d0	Label	Global	LAB_004311d0	DEFAULT
004311e1	Label	Global	LAB_004311e1	DEFAULT
00431210	Label	Global	LAB_00431210	DEFAULT
00431220	Function	Global	FUN_00431220	DEFAULT
0043123d	Label	Global	LAB_0043123d	DEFAULT
00431240	Function	Global	FUN_00431240	DEFAULT
00431250	Label	Global	LAB_00431250	DEFAULT
00431260	Function	Global	FUN_00431260	DEFAULT
00431288	Label	Global	LAB_00431288	DEFAULT
0043129c	Label	Global	LAB_0043129c	DEFAULT
004312a5	Label	Global	LAB_004312a5	DEFAULT
004312a7	Label	Global	LAB_004312a7	DEFAULT
004312b0	Function	Global	FUN_004312b0	DEFAULT
00431310	Label	Global	LAB_00431310	DEFAULT
00431319	Label	Global	LAB_00431319	DEFAULT
0043132e	Label	Global	LAB_0043132e	DEFAULT
00431340	Label	Global	LAB_00431340	DEFAULT
00431350	Function	Global	FUN_00431350	DEFAULT
004313a8	Label	Global	LAB_004313a8	DEFAULT
004313bd	Label	Global	LAB_004313bd	DEFAULT
004313c6	Label	Global	LAB_004313c6	DEFAULT
004313c9	Label	Global	LAB_004313c9	DEFAULT
004313e0	Function	Global	FUN_004313e0	DEFAULT
00431406	Label	Global	LAB_00431406	DEFAULT
00431410	Function	Global	FUN_00431410	DEFAULT
00431458	Label	Global	LAB_00431458	DEFAULT
00431468	Label	Global	LAB_00431468	DEFAULT
00431471	Label	Global	LAB_00431471	DEFAULT
00431474	Label	Global	LAB_00431474	DEFAULT
00431480	Function	Global	FUN_00431480	DEFAULT
004314a0	Label	Global	LAB_004314a0	DEFAULT
004314b0	Function	Global	FUN_004314b0	DEFAULT
00431500	Label	Global	LAB_00431500	DEFAULT
00431514	Label	Global	LAB_00431514	DEFAULT
0043151d	Label	Global	LAB_0043151d	DEFAULT
0043151f	Label	Global	LAB_0043151f	DEFAULT
00431528	Label	Global	LAB_00431528	DEFAULT
00431540	Function	Global	FUN_00431540	DEFAULT
00431598	Label	Global	LAB_00431598	DEFAULT
004315ac	Label	Global	LAB_004315ac	DEFAULT
004315b5	Label	Global	LAB_004315b5	DEFAULT
004315b8	Label	Global	LAB_004315b8	DEFAULT
004315c0	Label	Global	LAB_004315c0	DEFAULT
004315c8	Label	Global	LAB_004315c8	DEFAULT
004315d0	Label	Global	LAB_004315d0	DEFAULT
004315de	Label	Global	LAB_004315de	DEFAULT
00431600	Function	Global	FUN_00431600	DEFAULT
00431638	Label	switchD_00431638	switchD	ANALYSIS
00431640	Label	switchD_00431638	caseD_5	ANALYSIS
00431658	Label	switchD_00431638	default	ANALYSIS
00431671	Label	Global	LAB_00431671	DEFAULT
00431680	Label	switchD_00431638	caseD_0	ANALYSIS
00431680	Label	switchD_00431638	caseD_6	ANALYSIS
00431688	Label	switchD_00431638	caseD_1	ANALYSIS
004316b0	Label	switchD_00431638	caseD_2	ANALYSIS
004316c0	Label	switchD_00431638	caseD_3	ANALYSIS
004316d0	Label	switchD_00431638	caseD_4	ANALYSIS
004316e0	Function	Global	FUN_004316e0	DEFAULT
00431721	Label	Global	LAB_00431721	DEFAULT
00431730	Label	Global	LAB_00431730	DEFAULT
00431752	Label	Global	LAB_00431752	DEFAULT
0043177b	Label	Global	LAB_0043177b	DEFAULT
004317a0	Label	Global	LAB_004317a0	DEFAULT
004317d8	Label	Global	LAB_004317d8	DEFAULT
004317f5	Label	Global	LAB_004317f5	DEFAULT
00431800	Label	Global	LAB_00431800	DEFAULT
00431830	Label	Global	LAB_00431830	DEFAULT
00431860	Label	Global	LAB_00431860	DEFAULT
0043187f	Label	Global	LAB_0043187f	DEFAULT
00431890	Function	Global	FUN_00431890	DEFAULT
004318b0	Label	Global	LAB_004318b0	DEFAULT
004318c0	Label	Global	LAB_004318c0	DEFAULT
004318e0	Label	Global	LAB_004318e0	DEFAULT
004318e7	Label	Global	LAB_004318e7	DEFAULT
00431908	Label	Global	LAB_00431908	DEFAULT
00431950	Function	Global	FUN_00431950	DEFAULT
004319db	Label	Global	LAB_004319db	DEFAULT
00431a20	Label	Global	LAB_00431a20	DEFAULT
00431a40	Label	Global	LAB_00431a40	DEFAULT
00431a58	Label	Global	LAB_00431a58	DEFAULT
00431a78	Label	Global	LAB_00431a78	DEFAULT
00431a94	Label	Global	LAB_00431a94	DEFAULT
00431ac7	Label	Global	LAB_00431ac7	DEFAULT
00431b20	Label	Global	LAB_00431b20	DEFAULT
00431b3b	Label	Global	LAB_00431b3b	DEFAULT
00431b60	Label	Global	LAB_00431b60	DEFAULT
00431ba0	Label	Global	LAB_00431ba0	DEFAULT
00431bd0	Label	Global	LAB_00431bd0	DEFAULT
00431be1	Label	Global	LAB_00431be1	DEFAULT
00431bf0	Label	Global	LAB_00431bf0	DEFAULT
00431c04	Label	Global	LAB_00431c04	DEFAULT
00431c30	Label	Global	LAB_00431c30	DEFAULT
00431c58	Label	Global	LAB_00431c58	DEFAULT
00431c78	Label	Global	LAB_00431c78	DEFAULT
00431c86	Label	Global	LAB_00431c86	DEFAULT
00431ca0	Label	Global	LAB_00431ca0	DEFAULT
00431cb0	Label	Global	LAB_00431cb0	DEFAULT
00431cc9	Label	Global	LAB_00431cc9	DEFAULT
00431ce0	Function	Global	FUN_00431ce0	DEFAULT
00431cf0	Label	Global	LAB_00431cf0	DEFAULT
00431d00	Label	Global	LAB_00431d00	DEFAULT
00431d0b	Label	Global	LAB_00431d0b	DEFAULT
00431d10	Function	Global	FUN_00431d10	DEFAULT
00431d2e	Label	Global	LAB_00431d2e	DEFAULT
00431d4e	Label	Global	LAB_00431d4e	DEFAULT
00431d58	Label	Global	LAB_00431d58	DEFAULT
00431d96	Label	Global	LAB_00431d96	DEFAULT
00431da0	Label	Global	LAB_00431da0	DEFAULT
00431db8	Label	Global	LAB_00431db8	DEFAULT
00431dd0	Label	Global	LAB_00431dd0	DEFAULT
00431df0	Function	Global	FUN_00431df0	DEFAULT
00431e93	Label	Global	LAB_00431e93	DEFAULT
00431eab	Label	switchD_00431eab	switchD	ANALYSIS
00431eb0	Label	switchD_00431eab	caseD_1	ANALYSIS
00431eb0	Label	switchD_00431eab	caseD_2	ANALYSIS
00431eb0	Label	switchD_00431eab	caseD_3	ANALYSIS
00431eb0	Label	switchD_00431eab	caseD_4	ANALYSIS
00431eb0	Label	switchD_00431eab	caseD_5	ANALYSIS
00431eb0	Label	switchD_00431eab	caseD_6	ANALYSIS
00431eb0	Label	switchD_00431eab	caseD_7	ANALYSIS
00431eb0	Label	switchD_00431eab	caseD_8	ANALYSIS
00431eb0	Label	switchD_00431eab	caseD_e	ANALYSIS
00431eb0	Label	switchD_00431eab	caseD_f	ANALYSIS
00431eb0	Label	switchD_00431eab	caseD_10	ANALYSIS
00431eb0	Label	switchD_00431eab	caseD_11	ANALYSIS
00431eb0	Label	switchD_00431eab	caseD_12	ANALYSIS
00431eb0	Label	switchD_00431eab	caseD_13	ANALYSIS
00431eb0	Label	switchD_00431eab	caseD_14	ANALYSIS
00431eb0	Label	switchD_00431eab	caseD_15	ANALYSIS
00431eb0	Label	switchD_00431eab	caseD_16	ANALYSIS
00431eb0	Label	switchD_00431eab	caseD_17	ANALYSIS
00431eb0	Label	switchD_00431eab	caseD_18	ANALYSIS
00431eb0	Label	switchD_00431eab	caseD_19	ANALYSIS
00431eb0	Label	switchD_00431eab	caseD_1a	ANALYSIS
00431eb0	Label	switchD_00431eab	caseD_1b	ANALYSIS
00431eb0	Label	switchD_00431eab	caseD_1c	ANALYSIS
00431eb0	Label	switchD_00431eab	caseD_1d	ANALYSIS
00431eb0	Label	switchD_00431eab	caseD_1e	ANALYSIS
00431eb0	Label	switchD_00431eab	caseD_1f	ANALYSIS
00431eb0	Label	switchD_00431eab	caseD_21	ANALYSIS
00431eb0	Label	switchD_00431eab	caseD_22	ANALYSIS
00431eb0	Label	switchD_00431eab	caseD_23	ANALYSIS
00431eb0	Label	switchD_00431eab	caseD_24	ANALYSIS
00431eb0	Label	switchD_00431eab	caseD_25	ANALYSIS
00431eb0	Label	switchD_00431eab	caseD_26	ANALYSIS
00431eb0	Label	switchD_00431eab	caseD_27	ANALYSIS
00431eb0	Label	switchD_00431eab	caseD_28	ANALYSIS
00431eb0	Label	switchD_00431eab	caseD_29	ANALYSIS
00431eb0	Label	switchD_00431eab	caseD_2a	ANALYSIS
00431eb0	Label	switchD_00431eab	caseD_2c	ANALYSIS
00431eb8	Label	Global	LAB_00431eb8	DEFAULT
00431ec5	Label	Global	LAB_00431ec5	DEFAULT
00431ef8	Label	Global	LAB_00431ef8	DEFAULT
00431eff	Label	Global	LAB_00431eff	DEFAULT
00431f27	Label	Global	LAB_00431f27	DEFAULT
00431f40	Label	switchD_00431eab	caseD_9	ANALYSIS
00431f40	Label	switchD_00431eab	caseD_a	ANALYSIS
00431f40	Label	switchD_00431eab	caseD_b	ANALYSIS
00431f40	Label	switchD_00431eab	caseD_c	ANALYSIS
00431f40	Label	switchD_00431eab	caseD_d	ANALYSIS
00431f40	Label	switchD_00431eab	caseD_20	ANALYSIS
00431f51	Label	switchD_00431eab	caseD_2d	ANALYSIS
00431f59	Label	Global	LAB_00431f59	DEFAULT
00431f73	Label	switchD_00431eab	caseD_0	ANALYSIS
00431f99	Label	Global	LAB_00431f99	DEFAULT
00431fa0	Label	Global	LAB_00431fa0	DEFAULT
00431fe0	Label	Global	LAB_00431fe0	DEFAULT
00431ff0	Label	Global	LAB_00431ff0	DEFAULT
00431ff9	Label	Global	LAB_00431ff9	DEFAULT
00432009	Label	Global	LAB_00432009	DEFAULT
0043201f	Label	Global	LAB_0043201f	DEFAULT
00432052	Label	Global	LAB_00432052	DEFAULT
00432078	Label	Global	LAB_00432078	DEFAULT
00432098	Label	Global	LAB_00432098	DEFAULT
004320b6	Label	Global	LAB_004320b6	DEFAULT
004320c6	Label	Global	LAB_004320c6	DEFAULT
004320f8	Label	Global	LAB_004320f8	DEFAULT
00432137	Label	Global	LAB_00432137	DEFAULT
00432158	Label	Global	LAB_00432158	DEFAULT
0043216c	Label	Global	LAB_0043216c	DEFAULT
004321b8	Label	Global	LAB_004321b8	DEFAULT
004321f5	Label	Global	LAB_004321f5	DEFAULT
00432218	Label	Global	LAB_00432218	DEFAULT
00432230	Label	Global	LAB_00432230	DEFAULT
00432260	Label	Global	LAB_00432260	DEFAULT
00432270	Label	Global	LAB_00432270	DEFAULT
00432290	Label	Global	LAB_00432290	DEFAULT
004322a0	Label	Global	LAB_004322a0	DEFAULT
004322ac	Label	Global	LAB_004322ac	DEFAULT
004322b3	Label	Global	LAB_004322b3	DEFAULT
0043232c	Label	Global	LAB_0043232c	DEFAULT
00432390	Label	Global	LAB_00432390	DEFAULT
004323a0	Label	Global	LAB_004323a0	DEFAULT
004323b1	Label	Global	LAB_004323b1	DEFAULT
004323b8	Label	Global	LAB_004323b8	DEFAULT
004323f1	Label	Global	LAB_004323f1	DEFAULT
004323fc	Label	Global	LAB_004323fc	DEFAULT
00432411	Label	Global	LAB_00432411	DEFAULT
00432420	Label	Global	LAB_00432420	DEFAULT
00432472	Label	Global	LAB_00432472	DEFAULT
004324bf	Label	Global	LAB_004324bf	DEFAULT
0043251f	Label	Global	LAB_0043251f	DEFAULT
00432559	Label	Global	LAB_00432559	DEFAULT
00432588	Label	Global	LAB_00432588	DEFAULT
004325a0	Label	Global	LAB_004325a0	DEFAULT
004325b8	Label	Global	LAB_004325b8	DEFAULT
004325e5	Label	Global	LAB_004325e5	DEFAULT
004325fb	Label	Global	LAB_004325fb	DEFAULT
00432614	Label	Global	LAB_00432614	DEFAULT
00432620	Label	Global	LAB_00432620	DEFAULT
00432624	Label	Global	LAB_00432624	DEFAULT
00432633	Label	Global	LAB_00432633	DEFAULT
00432652	Label	Global	LAB_00432652	DEFAULT
0043265b	Label	Global	LAB_0043265b	DEFAULT
00432660	Label	Global	LAB_00432660	DEFAULT
004326c1	Label	Global	LAB_004326c1	DEFAULT
00432750	Label	Global	LAB_00432750	DEFAULT
0043278d	Label	Global	LAB_0043278d	DEFAULT
00432800	Label	Global	LAB_00432800	DEFAULT
00432894	Label	Global	LAB_00432894	DEFAULT
004328d5	Label	Global	LAB_004328d5	DEFAULT
00432907	Label	Global	LAB_00432907	DEFAULT
00432919	Label	Global	LAB_00432919	DEFAULT
00432932	Label	Global	LAB_00432932	DEFAULT
00432943	Label	Global	LAB_00432943	DEFAULT
00432956	Label	Global	LAB_00432956	DEFAULT
00432977	Label	Global	LAB_00432977	DEFAULT
004329f0	Label	Global	LAB_004329f0	DEFAULT
00432a03	Label	Global	LAB_00432a03	DEFAULT
00432a0c	Label	Global	LAB_00432a0c	DEFAULT
00432a1c	Label	Global	LAB_00432a1c	DEFAULT
00432a3e	Label	Global	LAB_00432a3e	DEFAULT
00432a63	Label	Global	LAB_00432a63	DEFAULT
00432a94	Label	Global	LAB_00432a94	DEFAULT
00432ae3	Label	Global	LAB_00432ae3	DEFAULT
00432b00	Label	Global	LAB_00432b00	DEFAULT
00432b65	Label	Global	LAB_00432b65	DEFAULT
00432b71	Label	Global	LAB_00432b71	DEFAULT
00432ba0	Label	Global	LAB_00432ba0	DEFAULT
00432ba8	Label	Global	LAB_00432ba8	DEFAULT
00432bc0	Label	Global	LAB_00432bc0	DEFAULT
00432bd8	Label	Global	LAB_00432bd8	DEFAULT
00432bff	Label	Global	LAB_00432bff	DEFAULT
00432c30	Label	Global	LAB_00432c30	DEFAULT
00432c7f	Label	Global	LAB_00432c7f	DEFAULT
00432cd0	Label	Global	LAB_00432cd0	DEFAULT
00432cde	Label	Global	LAB_00432cde	DEFAULT
00432cf8	Label	Global	LAB_00432cf8	DEFAULT
00432d20	Label	Global	LAB_00432d20	DEFAULT
00432d6f	Label	Global	LAB_00432d6f	DEFAULT
00432dc0	Label	Global	LAB_00432dc0	DEFAULT
00432dce	Label	Global	LAB_00432dce	DEFAULT
00432dde	Label	Global	LAB_00432dde	DEFAULT
00432de7	Label	Global	LAB_00432de7	DEFAULT
00432e00	Label	Global	LAB_00432e00	DEFAULT
00432e18	Label	Global	LAB_00432e18	DEFAULT
00432e40	Label	Global	LAB_00432e40	DEFAULT
00432e4e	Label	switchD_00431eab	caseD_2b	ANALYSIS
00432e5b	Label	Global	LAB_00432e5b	DEFAULT
00432e7e	Label	Global	LAB_00432e7e	DEFAULT
00432ec2	Label	Global	LAB_00432ec2	DEFAULT
00432ecd	Label	Global	LAB_00432ecd	DEFAULT
00432ef2	Label	Global	LAB_00432ef2	DEFAULT
00432f1c	Label	Global	LAB_00432f1c	DEFAULT
00432f43	Label	Global	LAB_00432f43	DEFAULT
00432fa0	Label	Global	LAB_00432fa0	DEFAULT
00433000	Label	Global	LAB_00433000	DEFAULT
00433036	Label	Global	LAB_00433036	DEFAULT
00433070	Label	Global	LAB_00433070	DEFAULT
00433080	Label	Global	LAB_00433080	DEFAULT
00433098	Label	Global	LAB_00433098	DEFAULT
004330ca	Label	Global	LAB_004330ca	DEFAULT
004330f0	Label	Global	LAB_004330f0	DEFAULT
00433100	Label	Global	LAB_00433100	DEFAULT
00433165	Label	Global	LAB_00433165	DEFAULT
00433170	Label	Global	LAB_00433170	DEFAULT
00433174	Label	Global	LAB_00433174	DEFAULT
0043317e	Label	Global	LAB_0043317e	DEFAULT
004331b0	Label	Global	LAB_004331b0	DEFAULT
004331c0	Label	Global	LAB_004331c0	DEFAULT
004331d8	Label	Global	LAB_004331d8	DEFAULT
00433210	Label	Global	LAB_00433210	DEFAULT
00433242	Label	Global	LAB_00433242	DEFAULT
00433260	Label	Global	LAB_00433260	DEFAULT
00433290	Label	Global	LAB_00433290	DEFAULT
004332a8	Label	Global	LAB_004332a8	DEFAULT
004332d0	Label	Global	LAB_004332d0	DEFAULT
004332d8	Label	Global	LAB_004332d8	DEFAULT
00433315	Label	Global	LAB_00433315	DEFAULT
00433322	Label	Global	LAB_00433322	DEFAULT
00433330	Label	Global	LAB_00433330	DEFAULT
00433353	Label	Global	LAB_00433353	DEFAULT
00433390	Label	Global	LAB_00433390	DEFAULT
004333a0	Label	Global	LAB_004333a0	DEFAULT
004333b0	Label	Global	LAB_004333b0	DEFAULT
004333bf	Label	Global	LAB_004333bf	DEFAULT
004333c6	Label	Global	LAB_004333c6	DEFAULT
004333f7	Label	Global	LAB_004333f7	DEFAULT
00433416	Label	Global	LAB_00433416	DEFAULT
00433482	Label	Global	LAB_00433482	DEFAULT
0043348f	Label	Global	LAB_0043348f	DEFAULT
004334a7	Label	Global	LAB_004334a7	DEFAULT
004334f5	Label	Global	LAB_004334f5	DEFAULT
00433505	Label	Global	LAB_00433505	DEFAULT
0043354f	Label	Global	LAB_0043354f	DEFAULT
00433568	Label	Global	LAB_00433568	DEFAULT
0043357f	Label	Global	LAB_0043357f	DEFAULT
00433592	Label	Global	LAB_00433592	DEFAULT
004335a3	Label	Global	LAB_004335a3	DEFAULT
00433611	Label	Global	LAB_00433611	DEFAULT
0043363f	Label	Global	LAB_0043363f	DEFAULT
00433674	Label	Global	LAB_00433674	DEFAULT
00433682	Label	Global	LAB_00433682	DEFAULT
00433692	Label	Global	LAB_00433692	DEFAULT
004336d2	Label	Global	LAB_004336d2	DEFAULT
00433703	Label	Global	LAB_00433703	DEFAULT
00433711	Label	Global	LAB_00433711	DEFAULT
0043372d	Label	Global	LAB_0043372d	DEFAULT
00433736	Label	Global	LAB_00433736	DEFAULT
0043373b	Label	Global	LAB_0043373b	DEFAULT
00433752	Label	Global	LAB_00433752	DEFAULT
00433755	Label	Global	LAB_00433755	DEFAULT
00433776	Label	Global	LAB_00433776	DEFAULT
00433786	Label	Global	LAB_00433786	DEFAULT
004337a9	Label	Global	LAB_004337a9	DEFAULT
004337bc	Label	Global	LAB_004337bc	DEFAULT
004337d0	Label	Global	LAB_004337d0	DEFAULT
004337e1	Label	Global	LAB_004337e1	DEFAULT
0043380f	Label	Global	LAB_0043380f	DEFAULT
0043381f	Label	Global	LAB_0043381f	DEFAULT
0043382a	Label	Global	LAB_0043382a	DEFAULT
0043383a	Label	Global	LAB_0043383a	DEFAULT
0043384c	Label	Global	LAB_0043384c	DEFAULT
00433854	Label	Global	LAB_00433854	DEFAULT
0043385c	Label	Global	LAB_0043385c	DEFAULT
0043386e	Label	Global	LAB_0043386e	DEFAULT
0043387e	Label	Global	LAB_0043387e	DEFAULT
00433886	Label	Global	LAB_00433886	DEFAULT
004338d7	Label	Global	LAB_004338d7	DEFAULT
00433914	Label	Global	LAB_00433914	DEFAULT
00433924	Label	Global	LAB_00433924	DEFAULT
00433930	Function	Global	FUN_00433930	DEFAULT
00433954	Label	Global	LAB_00433954	DEFAULT
00433990	Label	Global	LAB_00433990	DEFAULT
00433a18	Label	Global	LAB_00433a18	DEFAULT
00433a4a	Label	Global	LAB_00433a4a	DEFAULT
00433a56	Label	Global	LAB_00433a56	DEFAULT
00433a68	Label	Global	LAB_00433a68	DEFAULT
00433a80	Label	Global	LAB_00433a80	DEFAULT
00433ac0	Function	Global	FUN_00433ac0	DEFAULT
00433aff	Label	Global	LAB_00433aff	DEFAULT
00433b30	Label	Global	LAB_00433b30	DEFAULT
00433b44	Label	Global	LAB_00433b44	DEFAULT
00433b70	Label	Global	LAB_00433b70	DEFAULT
00433b73	Label	Global	LAB_00433b73	DEFAULT
00433b99	Label	Global	LAB_00433b99	DEFAULT
00433bdf	Label	Global	LAB_00433bdf	DEFAULT
00433c00	Label	Global	LAB_00433c00	DEFAULT
00433c07	Label	Global	LAB_00433c07	DEFAULT
00433c30	Label	Global	LAB_00433c30	DEFAULT
00433c42	Label	Global	LAB_00433c42	DEFAULT
00433c5c	Label	Global	LAB_00433c5c	DEFAULT
00433c78	Label	Global	LAB_00433c78	DEFAULT
00433c94	Label	Global	LAB_00433c94	DEFAULT
00433ca0	Label	Global	LAB_00433ca0	DEFAULT
00433cb0	Label	Global	LAB_00433cb0	DEFAULT
00433cc3	Label	Global	LAB_00433cc3	DEFAULT
00433ce1	Label	Global	LAB_00433ce1	DEFAULT
00433ced	Label	Global	LAB_00433ced	DEFAULT
00433cfa	Label	Global	LAB_00433cfa	DEFAULT
00433d10	Label	Global	LAB_00433d10	DEFAULT
00433d1a	Label	Global	LAB_00433d1a	DEFAULT
00433d40	Label	Global	LAB_00433d40	DEFAULT
00433d4e	Label	Global	LAB_00433d4e	DEFAULT
00433d70	Label	Global	LAB_00433d70	DEFAULT
00433d77	Label	Global	LAB_00433d77	DEFAULT
00433d8f	Label	Global	LAB_00433d8f	DEFAULT
00433dd0	Label	Global	LAB_00433dd0	DEFAULT
00433df1	Label	Global	LAB_00433df1	DEFAULT
00433df7	Label	Global	LAB_00433df7	DEFAULT
00433e13	Label	Global	LAB_00433e13	DEFAULT
00433e40	Label	Global	LAB_00433e40	DEFAULT
00433e63	Label	Global	LAB_00433e63	DEFAULT
00433e90	Label	Global	LAB_00433e90	DEFAULT
00433e9f	Label	Global	LAB_00433e9f	DEFAULT
00433ea6	Label	Global	LAB_00433ea6	DEFAULT
00433ed5	Label	Global	LAB_00433ed5	DEFAULT
00433eef	Label	Global	LAB_00433eef	DEFAULT
00433f11	Label	Global	LAB_00433f11	DEFAULT
00433f15	Label	Global	LAB_00433f15	DEFAULT
00433f30	Label	Global	LAB_00433f30	DEFAULT
00433f33	Label	Global	LAB_00433f33	DEFAULT
00433f50	Label	Global	LAB_00433f50	DEFAULT
00433f60	Label	Global	LAB_00433f60	DEFAULT
00433f66	Label	Global	LAB_00433f66	DEFAULT
00433f78	Label	Global	LAB_00433f78	DEFAULT
00433f98	Label	Global	LAB_00433f98	DEFAULT
00433fd0	Label	Global	LAB_00433fd0	DEFAULT
00433fef	Label	Global	LAB_00433fef	DEFAULT
0043400a	Label	Global	LAB_0043400a	DEFAULT
00434038	Label	Global	LAB_00434038	DEFAULT
00434065	Label	Global	LAB_00434065	DEFAULT
0043406d	Label	Global	LAB_0043406d	DEFAULT
00434083	Label	Global	LAB_00434083	DEFAULT
004340a6	Label	Global	LAB_004340a6	DEFAULT
004340c0	Label	Global	LAB_004340c0	DEFAULT
004340d1	Label	Global	LAB_004340d1	DEFAULT
004340d9	Label	Global	LAB_004340d9	DEFAULT
004340e0	Label	Global	LAB_004340e0	DEFAULT
004340f0	Label	Global	LAB_004340f0	DEFAULT
004340f8	Label	Global	LAB_004340f8	DEFAULT
00434100	Label	Global	LAB_00434100	DEFAULT
00434120	Label	Global	LAB_00434120	DEFAULT
00434130	Label	Global	LAB_00434130	DEFAULT
0043416f	Label	Global	LAB_0043416f	DEFAULT
00434174	Label	Global	LAB_00434174	DEFAULT
00434185	Label	Global	LAB_00434185	DEFAULT
00434190	Label	Global	LAB_00434190	DEFAULT
004341a6	Label	Global	LAB_004341a6	DEFAULT
004341e4	Label	Global	LAB_004341e4	DEFAULT
004341fa	Label	Global	LAB_004341fa	DEFAULT
0043420d	Label	Global	LAB_0043420d	DEFAULT
0043421c	Label	Global	LAB_0043421c	DEFAULT
00434259	Label	Global	LAB_00434259	DEFAULT
00434272	Label	Global	LAB_00434272	DEFAULT
0043427d	Label	Global	LAB_0043427d	DEFAULT
00434287	Label	Global	LAB_00434287	DEFAULT
004342ad	Label	Global	LAB_004342ad	DEFAULT
004342c5	Label	Global	LAB_004342c5	DEFAULT
004342d6	Label	Global	LAB_004342d6	DEFAULT
004342ec	Label	Global	LAB_004342ec	DEFAULT
00434302	Label	Global	LAB_00434302	DEFAULT
00434318	Label	Global	LAB_00434318	DEFAULT
00434320	Label	Global	LAB_00434320	DEFAULT
00434340	Label	Global	LAB_00434340	DEFAULT
00434361	Label	Global	LAB_00434361	DEFAULT
00434380	Label	Global	LAB_00434380	DEFAULT
00434393	Label	Global	LAB_00434393	DEFAULT
004343a7	Label	Global	LAB_004343a7	DEFAULT
004343b9	Label	Global	LAB_004343b9	DEFAULT
004343f7	Label	Global	LAB_004343f7	DEFAULT
00434420	Function	Global	FUN_00434420	DEFAULT
00434470	Label	Global	LAB_00434470	DEFAULT
004344a3	Label	Global	LAB_004344a3	DEFAULT
004344b0	Label	Global	LAB_004344b0	DEFAULT
004344b8	Label	Global	LAB_004344b8	DEFAULT
004344d0	Label	Global	LAB_004344d0	DEFAULT
004344e0	Label	Global	LAB_004344e0	DEFAULT
004344ed	Label	Global	LAB_004344ed	DEFAULT
00434508	Label	Global	LAB_00434508	DEFAULT
00434520	Function	Global	FUN_00434520	DEFAULT
00434540	Label	Global	LAB_00434540	DEFAULT
0043454d	Label	Global	LAB_0043454d	DEFAULT
0043455f	Label	Global	LAB_0043455f	DEFAULT
00434570	Function	Global	FUN_00434570	DEFAULT
00434590	Label	Global	LAB_00434590	DEFAULT
004345c0	Label	Global	LAB_004345c0	DEFAULT
004345f0	Label	Global	LAB_004345f0	DEFAULT
00434610	Function	Global	FUN_00434610	DEFAULT
00434641	Label	Global	LAB_00434641	DEFAULT
00434664	Label	Global	LAB_00434664	DEFAULT
00434690	Label	Global	LAB_00434690	DEFAULT
004346a3	Label	Global	LAB_004346a3	DEFAULT
004346bd	Label	Global	LAB_004346bd	DEFAULT
004346ce	Label	Global	LAB_004346ce	DEFAULT
004346e0	Label	Global	LAB_004346e0	DEFAULT
00434701	Label	Global	LAB_00434701	DEFAULT
0043471f	Label	Global	LAB_0043471f	DEFAULT
00434741	Label	Global	LAB_00434741	DEFAULT
00434749	Label	Global	LAB_00434749	DEFAULT
00434758	Label	Global	LAB_00434758	DEFAULT
00434760	Label	Global	LAB_00434760	DEFAULT
00434790	Label	Global	LAB_00434790	DEFAULT
004347b5	Label	Global	LAB_004347b5	DEFAULT
004347c8	Label	Global	LAB_004347c8	DEFAULT
00434800	Label	Global	LAB_00434800	DEFAULT
00434814	Label	Global	LAB_00434814	DEFAULT
00434828	Label	Global	LAB_00434828	DEFAULT
00434831	Label	Global	LAB_00434831	DEFAULT
0043483c	Label	Global	LAB_0043483c	DEFAULT
00434848	Label	Global	LAB_00434848	DEFAULT
0043484f	Label	Global	LAB_0043484f	DEFAULT
00434868	Label	Global	LAB_00434868	DEFAULT
0043486d	Label	Global	LAB_0043486d	DEFAULT
00434880	Label	Global	LAB_00434880	DEFAULT
00434890	Label	Global	LAB_00434890	DEFAULT
004348b8	Label	Global	LAB_004348b8	DEFAULT
004348cd	Label	Global	LAB_004348cd	DEFAULT
004348e0	Label	Global	LAB_004348e0	DEFAULT
004348ed	Label	Global	LAB_004348ed	DEFAULT
00434920	Label	Global	LAB_00434920	DEFAULT
00434948	Label	Global	LAB_00434948	DEFAULT
00434980	Label	Global	LAB_00434980	DEFAULT
00434990	Label	Global	LAB_00434990	DEFAULT
004349b8	Label	Global	LAB_004349b8	DEFAULT
004349e8	Label	Global	LAB_004349e8	DEFAULT
004349f8	Label	Global	LAB_004349f8	DEFAULT
00434a20	Function	Global	FUN_00434a20	DEFAULT
00434a3c	Label	Global	LAB_00434a3c	DEFAULT
00434a48	Label	Global	LAB_00434a48	DEFAULT
00434a5a	Label	Global	LAB_00434a5a	DEFAULT
00434a5f	Label	Global	LAB_00434a5f	DEFAULT
00434a70	Label	Global	LAB_00434a70	DEFAULT
00434aae	Label	Global	LAB_00434aae	DEFAULT
00434ad0	Label	Global	LAB_00434ad0	DEFAULT
00434af0	Label	Global	LAB_00434af0	DEFAULT
00434b00	Function	Global	FUN_00434b00	DEFAULT
00434b20	Label	Global	LAB_00434b20	DEFAULT
00434b50	Function	Global	FUN_00434b50	DEFAULT
00434b64	Label	Global	LAB_00434b64	DEFAULT
00434b91	Label	Global	LAB_00434b91	DEFAULT
00434ba0	Label	Global	LAB_00434ba0	DEFAULT
00434ba8	Label	Global	LAB_00434ba8	DEFAULT
00434bb0	Label	Global	LAB_00434bb0	DEFAULT
00434bd3	Label	Global	LAB_00434bd3	DEFAULT
00434bf0	Label	Global	LAB_00434bf0	DEFAULT
00434c50	Function	Global	FUN_00434c50	DEFAULT
00434c70	Label	Global	LAB_00434c70	DEFAULT
00434c98	Label	Global	LAB_00434c98	DEFAULT
00434ca0	Label	Global	LAB_00434ca0	DEFAULT
00434cc0	Function	Global	FUN_00434cc0	DEFAULT
00434ce0	Label	Global	LAB_00434ce0	DEFAULT
00434d0f	Label	Global	LAB_00434d0f	DEFAULT
00434d22	Label	Global	LAB_00434d22	DEFAULT
00434d30	Label	Global	LAB_00434d30	DEFAULT
00434d70	Function	Global	FUN_00434d70	DEFAULT
00434d90	Label	Global	LAB_00434d90	DEFAULT
00434da0	Function	Global	FUN_00434da0	DEFAULT
00434dd0	Label	Global	LAB_00434dd0	DEFAULT
00434e08	Label	Global	LAB_00434e08	DEFAULT
00434e17	Label	Global	LAB_00434e17	DEFAULT
00434e60	Label	Global	LAB_00434e60	DEFAULT
00434e69	Label	Global	LAB_00434e69	DEFAULT
00434e80	Label	Global	LAB_00434e80	DEFAULT
00434eb4	Label	Global	LAB_00434eb4	DEFAULT
00434ec0	Label	Global	LAB_00434ec0	DEFAULT
00434ec5	Label	Global	LAB_00434ec5	DEFAULT
00434ed0	Label	Global	LAB_00434ed0	DEFAULT
00434ed5	Label	Global	LAB_00434ed5	DEFAULT
00434ef0	Function	Global	FUN_00434ef0	DEFAULT
00434f0b	Label	Global	LAB_00434f0b	DEFAULT
00434f23	Label	Global	LAB_00434f23	DEFAULT
00434f30	Label	Global	LAB_00434f30	DEFAULT
00434f34	Label	Global	LAB_00434f34	DEFAULT
00434f3c	Label	Global	LAB_00434f3c	DEFAULT
00434f3f	Label	Global	LAB_00434f3f	DEFAULT
00434f6a	Label	Global	LAB_00434f6a	DEFAULT
00434f80	Label	Global	LAB_00434f80	DEFAULT
00434f92	Label	Global	LAB_00434f92	DEFAULT
00434fb0	Label	Global	LAB_00434fb0	DEFAULT
00434fd0	Label	Global	LAB_00434fd0	DEFAULT
00434ff3	Label	Global	LAB_00434ff3	DEFAULT
00435005	Label	Global	LAB_00435005	DEFAULT
0043501b	Label	Global	LAB_0043501b	DEFAULT
0043503a	Label	Global	LAB_0043503a	DEFAULT
0043506a	Label	Global	LAB_0043506a	DEFAULT
00435080	Function	Global	FUN_00435080	DEFAULT
004350b0	Label	Global	LAB_004350b0	DEFAULT
004350b9	Label	Global	LAB_004350b9	DEFAULT
004350e0	Label	Global	LAB_004350e0	DEFAULT
004350f6	Label	Global	LAB_004350f6	DEFAULT
00435120	Label	Global	LAB_00435120	DEFAULT
00435178	Label	Global	LAB_00435178	DEFAULT
00435184	Label	Global	LAB_00435184	DEFAULT
004351a0	Label	Global	LAB_004351a0	DEFAULT
004351b0	Function	Global	FUN_004351b0	DEFAULT
004351d8	Label	Global	LAB_004351d8	DEFAULT
004351dd	Label	Global	LAB_004351dd	DEFAULT
004351f4	Label	Global	LAB_004351f4	DEFAULT
00435200	Function	Global	FUN_00435200	DEFAULT
00435240	Label	Global	LAB_00435240	DEFAULT
00435249	Label	Global	LAB_00435249	DEFAULT
0043525f	Label	Global	LAB_0043525f	DEFAULT
004352a0	Label	Global	LAB_004352a0	DEFAULT
00435320	Label	Global	LAB_00435320	DEFAULT
00435352	Label	Global	LAB_00435352	DEFAULT
00435360	Label	Global	LAB_00435360	DEFAULT
0043536f	Label	Global	LAB_0043536f	DEFAULT
00435373	Label	Global	LAB_00435373	DEFAULT
00435380	Label	Global	LAB_00435380	DEFAULT
0043538b	Label	Global	LAB_0043538b	DEFAULT
004353a0	Label	Global	LAB_004353a0	DEFAULT
004353d0	Function	Global	FUN_004353d0	DEFAULT
0043544f	Label	Global	LAB_0043544f	DEFAULT
00435470	Label	Global	LAB_00435470	DEFAULT
00435477	Label	Global	LAB_00435477	DEFAULT
00435490	Label	Global	LAB_00435490	DEFAULT
004354b2	Label	Global	LAB_004354b2	DEFAULT
004354d0	Label	Global	LAB_004354d0	DEFAULT
004354f0	Function	Global	FUN_004354f0	DEFAULT
0043556e	Label	Global	LAB_0043556e	DEFAULT
00435588	Label	Global	LAB_00435588	DEFAULT
004355a4	Label	Global	LAB_004355a4	DEFAULT
004355b0	Label	Global	LAB_004355b0	DEFAULT
004355d4	Label	Global	LAB_004355d4	DEFAULT
004355f0	Function	Global	FUN_004355f0	DEFAULT
00435600	Label	Global	LAB_00435600	DEFAULT
00435611	Label	Global	LAB_00435611	DEFAULT
00435620	Function	Global	FUN_00435620	DEFAULT
00435668	Label	Global	LAB_00435668	DEFAULT
00435671	Label	Global	LAB_00435671	DEFAULT
004356a8	Label	Global	LAB_004356a8	DEFAULT
004356ce	Label	Global	LAB_004356ce	DEFAULT
004356e0	Label	Global	LAB_004356e0	DEFAULT
004356fe	Label	Global	LAB_004356fe	DEFAULT
00435710	Label	Global	LAB_00435710	DEFAULT
00435720	Label	Global	LAB_00435720	DEFAULT
00435730	Function	Global	FUN_00435730	DEFAULT
00435794	Label	Global	LAB_00435794	DEFAULT
004357b0	Label	Global	LAB_004357b0	DEFAULT
004357d0	Function	Global	FUN_004357d0	DEFAULT
004357d8	Label	Global	LAB_004357d8	DEFAULT
004357f1	Label	Global	LAB_004357f1	DEFAULT
00435810	Label	Global	LAB_00435810	DEFAULT
00435820	Function	Global	FUN_00435820	DEFAULT
00435848	Label	Global	LAB_00435848	DEFAULT
00435868	Label	Global	LAB_00435868	DEFAULT
00435872	Label	Global	LAB_00435872	DEFAULT
00435877	Label	Global	LAB_00435877	DEFAULT
00435880	Function	Global	FUN_00435880	DEFAULT
004358a0	Label	Global	LAB_004358a0	DEFAULT
004358ab	Label	Global	LAB_004358ab	DEFAULT
004358b3	Label	Global	LAB_004358b3	DEFAULT
004358c0	Label	Global	LAB_004358c0	DEFAULT
004358f0	Label	Global	LAB_004358f0	DEFAULT
00435a10	Function	Global	FUN_00435a10	DEFAULT
00435a1f	Label	Global	LAB_00435a1f	DEFAULT
00435a38	Label	Global	LAB_00435a38	DEFAULT
00435a50	Function	MSVCRT.DLL	vfprintf	DEFAULT
00435a58	Function	MSVCRT.DLL	strncmp	DEFAULT
00435a60	Function	MSVCRT.DLL	signal	DEFAULT
00435a68	Function	MSVCRT.DLL	localeconv	DEFAULT
00435a70	Function	MSVCRT.DLL	fwrite	DEFAULT
00435a78	Function	MSVCRT.DLL	fprintf	DEFAULT
00435a80	Function	MSVCRT.DLL	abort	DEFAULT
00435a88	Function	MSVCRT.DLL	_errno	DEFAULT
00435a90	Function	MSVCRT.DLL	__setusermatherr	DEFAULT
00435aa0	Function	Global	thunk_FUN_00401540	DEFAULT
00435ab0	Label	Global	DAT_00435ab0	DEFAULT
00435ab8	Label	Global	PTR_LAB_00435ab8	DEFAULT
00435ac0	Label	Global	PTR_LAB_00435ac0	DEFAULT
00435ae8	Label	Global	PTR_FUN_00435ae8	DEFAULT
00435af0	Label	Global	PTR_FUN_00435af0	DEFAULT
00436000	Label	Global	DAT_00436000	DEFAULT
00436010	Label	Global	DAT_00436010	DEFAULT
00436100	Label	Global	DAT_00436100	DEFAULT
004361f0	Label	Global	DAT_004361f0	DEFAULT
004362e0	Label	Global	DAT_004362e0	DEFAULT
004363d0	Label	Global	DAT_004363d0	DEFAULT
004363d8	Label	Global	DAT_004363d8	DEFAULT
004364c8	Label	Global	DAT_004364c8	DEFAULT
004365b8	Label	Global	DAT_004365b8	DEFAULT
004366a8	Label	Global	DAT_004366a8	DEFAULT
004366ac	Label	Global	DAT_004366ac	DEFAULT
004366b0	Label	Global	DAT_004366b0	DEFAULT
004366b8	Label	Global	DAT_004366b8	DEFAULT
00436710	Label	Global	DAT_00436710	DEFAULT
00436728	Label	Global	DAT_00436728	DEFAULT
00436780	Label	Global	DAT_00436780	DEFAULT
00436810	Label	Global	u_NtDll.dll_00436810	DEFAULT
00436828	Label	Global	s_RtlGetVersion_00436828	DEFAULT
00436950	Label	Global	DAT_00436950	DEFAULT
00436978	Label	Global	DAT_00436978	DEFAULT
00436a18	Label	Global	DAT_00436a18	DEFAULT
00436a50	Label	Global	s_user32.dll_00436a50	DEFAULT
00436a78	Label	Global	s_IsProcessDPIAware_00436a78	DEFAULT
00436b50	Label	Global	s_VFBWindowClass_00436b50	DEFAULT
00436b60	Label	Global	s_Segoe_UI_00436b60	DEFAULT
00436b70	Label	Global	s_Tahoma_00436b70	DEFAULT
00436b78	Label	Global	s_BUTTON_00436b78	DEFAULT
00436b80	Label	Global	u_BUTTON_00436b80	DEFAULT
00436b90	Label	Global	u_CUSTOMBUTTON_00436b90	DEFAULT
00436bb0	Label	Global	u_OWNERDRAWBUTTON_00436bb0	DEFAULT
00436bd0	Label	Global	s_Button_00436bd0	DEFAULT
00436bd8	Label	Global	s_OPTION_00436bd8	DEFAULT
00436be0	Label	Global	u_RADIOBUTTON_00436be0	DEFAULT
00436bf8	Label	Global	u_OPTION_00436bf8	DEFAULT
00436c08	Label	Global	u_CHECKBOX_00436c08	DEFAULT
00436c20	Label	Global	u_CHECK3STATE_00436c20	DEFAULT
00436c38	Label	Global	u_LABEL_00436c38	DEFAULT
00436c48	Label	Global	s_Static_00436c48	DEFAULT
00436c50	Label	Global	s_BITMAPLABEL_00436c50	DEFAULT
00436c60	Label	Global	u_BITMAPLABEL_00436c60	DEFAULT
00436c78	Label	Global	s_ICONLABEL_00436c78	DEFAULT
00436c88	Label	Global	u_ICONLABEL_00436c88	DEFAULT
00436ca0	Label	Global	s_BITMAPBUTTON_00436ca0	DEFAULT
00436cb0	Label	Global	u_BITMAPBUTTON_00436cb0	DEFAULT
00436cd0	Label	Global	s_ICONBUTTON_00436cd0	DEFAULT
00436ce0	Label	Global	u_ICONBUTTON_00436ce0	DEFAULT
00436cf8	Label	Global	u_CUSTOMLABEL_00436cf8	DEFAULT
00436d10	Label	Global	u_FRAME_00436d10	DEFAULT
00436d20	Label	Global	u_FRAMEWINDOW_00436d20	DEFAULT
00436d38	Label	Global	u_GROUPBOX_00436d38	DEFAULT
00436d50	Label	Global	u_LINE_00436d50	DEFAULT
00436d60	Label	Global	s_TEXTBOX_00436d60	DEFAULT
00436d68	Label	Global	u_EDIT_00436d68	DEFAULT
00436d78	Label	Global	u_TEXTBOX_00436d78	DEFAULT
00436d88	Label	Global	DAT_00436d88	DEFAULT
00436d90	Label	Global	u_EDITMULTILINE_00436d90	DEFAULT
00436db0	Label	Global	u_MULTILINETEXTBOX_00436db0	DEFAULT
00436dd8	Label	Global	s_COMBOBOX_00436dd8	DEFAULT
00436de8	Label	Global	u_COMBOBOX_00436de8	DEFAULT
00436e00	Label	Global	u_COMBOBOXEX_00436e00	DEFAULT
00436e18	Label	Global	u_COMBOBOXEX32_00436e18	DEFAULT
00436e38	Label	Global	s_ComboBoxEx32_00436e38	DEFAULT
00436e48	Label	Global	s_LISTBOX_00436e48	DEFAULT
00436e50	Label	Global	u_LISTBOX_00436e50	DEFAULT
00436e60	Label	Global	s_PROGRESSBAR_00436e60	DEFAULT
00436e70	Label	Global	s_MSCTLS_PROGRESS32_00436e70	DEFAULT
00436e88	Label	Global	u_PROGRESSBAR_00436e88	DEFAULT
00436ea0	Label	Global	u_MSCTLS_PROGRESS32_00436ea0	DEFAULT
00436ec8	Label	Global	s_msctls_progress32_00436ec8	DEFAULT
00436ee0	Label	Global	u_HEADER_00436ee0	DEFAULT
00436ef0	Label	Global	u_SYSHEADER32_00436ef0	DEFAULT
00436f08	Label	Global	s_SysHeader32_00436f08	DEFAULT
00436f18	Label	Global	u_TREEVIEW_00436f18	DEFAULT
00436f30	Label	Global	u_SYSTREEVIEW32_00436f30	DEFAULT
00436f50	Label	Global	s_SysTreeView32_00436f50	DEFAULT
00436f60	Label	Global	u_LISTVIEW_00436f60	DEFAULT
00436f78	Label	Global	u_SYSLISTVIEW32_00436f78	DEFAULT
00436f98	Label	Global	s_SysListView32_00436f98	DEFAULT
00436fa8	Label	Global	s_TOOLBAR_00436fa8	DEFAULT
00436fb0	Label	Global	s_TOOLBARWINDOW32_00436fb0	DEFAULT
00436fc0	Label	Global	u_TOOLBAR_00436fc0	DEFAULT
00436fd0	Label	Global	u_TOOLBARWINDOW32_00436fd0	DEFAULT
00436ff0	Label	Global	s_ToolbarWindow32_00436ff0	DEFAULT
00437000	Label	Global	u_REBAR_00437000	DEFAULT
00437010	Label	Global	u_REBARWINDOW32_00437010	DEFAULT
00437030	Label	Global	s_ReBarWindow32_00437030	DEFAULT
00437040	Label	Global	s_DATETIMEPICKER_00437040	DEFAULT
00437050	Label	Global	s_SYSDATETIMEPICK32_00437050	DEFAULT
00437068	Label	Global	u_DATETIMEPICKER_00437068	DEFAULT
00437088	Label	Global	u_SYSDATETIMEPICK32_00437088	DEFAULT
004370b0	Label	Global	s_SysDateTimePick32_004370b0	DEFAULT
004370c8	Label	Global	u_MONTHCALENDAR_004370c8	DEFAULT
004370e8	Label	Global	u_MONTHCAL_004370e8	DEFAULT
00437100	Label	Global	u_SYSMONTHCAL32_00437100	DEFAULT
00437120	Label	Global	s_SysMonthCal32_00437120	DEFAULT
00437130	Label	Global	u_IPADDRESS_00437130	DEFAULT
00437148	Label	Global	u_SYSIPADDRESS32_00437148	DEFAULT
00437168	Label	Global	s_SysIPAddress32_00437168	DEFAULT
00437178	Label	Global	u_HOTKEY_00437178	DEFAULT
00437188	Label	Global	u_MSCTLS_HOTKEY32_00437188	DEFAULT
004371a8	Label	Global	s_msctls_hotkey32_004371a8	DEFAULT
004371b8	Label	Global	u_ANIMATE_004371b8	DEFAULT
004371c8	Label	Global	u_ANIMATION_004371c8	DEFAULT
004371e0	Label	Global	u_SYSANIMATE32_004371e0	DEFAULT
00437200	Label	Global	s_SysAnimate32_00437200	DEFAULT
00437210	Label	Global	u_SYSLINK_00437210	DEFAULT
00437220	Label	Global	u_PAGER_00437220	DEFAULT
00437230	Label	Global	u_SYSPAGER_00437230	DEFAULT
00437248	Label	Global	s_SysPager_00437248	DEFAULT
00437258	Label	Global	DAT_00437258	DEFAULT
00437260	Label	Global	u_TABCONTROL_00437260	DEFAULT
00437278	Label	Global	u_SYSTABCONTROL32_00437278	DEFAULT
00437298	Label	Global	s_SysTabControl32_00437298	DEFAULT
004372a8	Label	Global	u_STATUSBAR_004372a8	DEFAULT
004372c0	Label	Global	u_MSCTLS_STATUSBAR32_004372c0	DEFAULT
004372e8	Label	Global	s_msctls_statusbar32_004372e8	DEFAULT
00437300	Label	Global	u_SIZEBAR_00437300	DEFAULT
00437310	Label	Global	u_SIZEBOX_00437310	DEFAULT
00437320	Label	Global	u_SIZEGRIP_00437320	DEFAULT
00437338	Label	Global	s_Scrollbar_00437338	DEFAULT
00437348	Label	Global	s_HSCROLLBAR_00437348	DEFAULT
00437358	Label	Global	u_HSCROLLBAR_00437358	DEFAULT
00437370	Label	Global	s_VSCROLLBAR_00437370	DEFAULT
00437380	Label	Global	u_VSCROLLBAR_00437380	DEFAULT
00437398	Label	Global	s_TRACKBAR_00437398	DEFAULT
004373a8	Label	Global	s_MSCTLS_TRACKBAR32_004373a8	DEFAULT
004373c0	Label	Global	u_TRACKBAR_004373c0	DEFAULT
004373d8	Label	Global	u_MSCTLS_TRACKBAR32_004373d8	DEFAULT
00437400	Label	Global	u_SLIDER_00437400	DEFAULT
00437410	Label	Global	s_msctls_trackbar32_00437410	DEFAULT
00437428	Label	Global	s_UPDOWN_00437428	DEFAULT
00437430	Label	Global	s_MSCTLS_UPDOWN32_00437430	DEFAULT
00437440	Label	Global	u_UPDOWN_00437440	DEFAULT
00437450	Label	Global	u_MSCTLS_UPDOWN32_00437450	DEFAULT
00437470	Label	Global	s_msctls_updown32_00437470	DEFAULT
00437480	Label	Global	s_RICHEDIT_00437480	DEFAULT
00437490	Label	Global	s_RichEdit50W_00437490	DEFAULT
004374a0	Label	Global	u_RICHEDIT_004374a0	DEFAULT
004374b8	Label	Global	u_RichEdit50W_004374b8	DEFAULT
004374d0	Label	Global	u_OLDWNDPROC_004374d0	DEFAULT
00437798	Label	Global	s_Microsoft_YaHei_00437798	DEFAULT
00437868	Label	Global	s_RICHEDIT50W_00437868	DEFAULT
00437878	Label	Global	s_ListBox_00437878	DEFAULT
00437880	Label	Global	s_ComboBox_00437880	DEFAULT
00437890	Label	Global	DAT_00437890	DEFAULT
00437980	Label	Global	DAT_00437980	DEFAULT
00437a70	Label	Global	DAT_00437a70	DEFAULT
00437a78	Label	Global	DAT_00437a78	DEFAULT
00437a80	Label	Global	s_SimSun_00437a80	DEFAULT
00437ab0	Label	Global	s_bt656_mwindows_00437ab0	DEFAULT
00437ac0	Label	Global	s_CVBS_Scrambling_Assistant_1.0_00437ac0	DEFAULT
00437ae0	Label	Global	s_bt656_00437ae0	DEFAULT
00437ae8	Label	Global	u_AAAAA_APPICON_00437ae8	DEFAULT
00437b08	Label	Global	s_(0~7679)_00437b08	DEFAULT
00437b18	Label	Global	s_Lb_range_00437b18	DEFAULT
00437b28	Label	Global	s_Microsoft_YaHei,9,0_00437b28	DEFAULT
00437b40	Label	Global	DAT_00437b40	DEFAULT
00437b48	Label	Global	s_Opt_ntsc_00437b48	DEFAULT
00437b58	Label	Global	DAT_00437b58	DEFAULT
00437b60	Label	Global	s_Opt_Pal_00437b60	DEFAULT
00437b68	Label	Global	s_Cvbs_in_standard_00437b68	DEFAULT
00437b80	Label	Global	s_Frm_ntsc_pal_00437b80	DEFAULT
00437b90	Label	Global	s_Module_00437b90	DEFAULT
00437b98	Label	Global	s_F_tx_rx_00437b98	DEFAULT
00437ba0	Label	Global	s_Descrambling_00437ba0	DEFAULT
00437bb0	Label	Global	s_Opt_Descrambling_00437bb0	DEFAULT
00437bc8	Label	Global	s_Microsoft_YaHei,9_00437bc8	DEFAULT
00437be0	Label	Global	s_Scrambling_00437be0	DEFAULT
00437bf0	Label	Global	s_Opt_Scrambling_00437bf0	DEFAULT
00437c00	Label	Global	s_Write_00437c00	DEFAULT
00437c08	Label	Global	s_cmd_write_00437c08	DEFAULT
00437c18	Label	Global	DAT_00437c18	DEFAULT
00437c20	Label	Global	s_cmd_read_00437c20	DEFAULT
00437c30	Label	Global	s_cuart_color_00437c30	DEFAULT
00437c40	Label	Global	DAT_00437c40	DEFAULT
00437c48	Label	Global	s_cmd_open_00437c48	DEFAULT
00437c58	Label	Global	s_cbox_port_00437c58	DEFAULT
00437c68	Label	Global	DAT_00437c68	DEFAULT
00437c70	Label	Global	DAT_00437c70	DEFAULT
00437c78	Label	Global	DAT_00437c78	DEFAULT
00437c80	Label	Global	DAT_00437c80	DEFAULT
00437c88	Label	Global	DAT_00437c88	DEFAULT
00437c90	Label	Global	DAT_00437c90	DEFAULT
00437c98	Label	Global	DAT_00437c98	DEFAULT
00437ca0	Label	Global	DAT_00437ca0	DEFAULT
00437ca8	Label	Global	DAT_00437ca8	DEFAULT
00437cb0	Label	Global	s_COM10_00437cb0	DEFAULT
00437cb8	Label	Global	s_COM11_00437cb8	DEFAULT
00437cc0	Label	Global	s_COM12_00437cc0	DEFAULT
00437cc8	Label	Global	s_COM13_00437cc8	DEFAULT
00437cd0	Label	Global	s_COM14_00437cd0	DEFAULT
00437cd8	Label	Global	s_COM15_00437cd8	DEFAULT
00437ce0	Label	Global	s_COM16_00437ce0	DEFAULT
00437ce8	Label	Global	s_COM17_00437ce8	DEFAULT
00437cf0	Label	Global	s_COM18_00437cf0	DEFAULT
00437cf8	Label	Global	s_COM19_00437cf8	DEFAULT
00437d00	Label	Global	s_COM20_00437d00	DEFAULT
00437d08	Label	Global	s_COM21_00437d08	DEFAULT
00437d10	Label	Global	s_COM22_00437d10	DEFAULT
00437d18	Label	Global	s_COM23_00437d18	DEFAULT
00437d20	Label	Global	s_COM24_00437d20	DEFAULT
00437d28	Label	Global	s_COM25_00437d28	DEFAULT
00437d30	Label	Global	s_COM26_00437d30	DEFAULT
00437d38	Label	Global	s_COM27_00437d38	DEFAULT
00437d40	Label	Global	s_COM28_00437d40	DEFAULT
00437d48	Label	Global	s_COM29_00437d48	DEFAULT
00437d50	Label	Global	s_COM30_00437d50	DEFAULT
00437d58	Label	Global	s_COM31_00437d58	DEFAULT
00437d60	Label	Global	s_COM32_00437d60	DEFAULT
00437d68	Label	Global	s_COM33_00437d68	DEFAULT
00437d70	Label	Global	s_COM34_00437d70	DEFAULT
00437d78	Label	Global	s_COM35_00437d78	DEFAULT
00437d80	Label	Global	s_COM36_00437d80	DEFAULT
00437d88	Label	Global	s_COM37_00437d88	DEFAULT
00437d90	Label	Global	s_COM38_00437d90	DEFAULT
00437d98	Label	Global	s_COM39_00437d98	DEFAULT
00437da0	Label	Global	s_COM40_00437da0	DEFAULT
00437da8	Label	Global	s_Port:_00437da8	DEFAULT
00437db0	Label	Global	s_Lport_00437db0	DEFAULT
00437db8	Label	Global	DAT_00437db8	DEFAULT
00437dc0	Label	Global	s_com_select_00437dc0	DEFAULT
00437dd0	Label	Global	s_Seed:_00437dd0	DEFAULT
00437dd8	Label	Global	s_Lb_random_00437dd8	DEFAULT
00437de8	Label	Global	DAT_00437de8	DEFAULT
00437df0	Label	Global	DAT_00437df0	DEFAULT
00437df8	Label	Global	s_Hi,Welcome_To_You_!_00437df8	DEFAULT
00437e10	Label	Global	s_Lp_info_00437e10	DEFAULT
00437e18	Label	Global	s_@Microsoft_YaHei,9_00437e18	DEFAULT
00437e30	Label	Global	DAT_00437e30	DEFAULT
00437e38	Label	Global	DAT_00437e38	DEFAULT
00437e40	Label	Global	DAT_00437e40	DEFAULT
00437e48	Label	Global	s_\\.\COM_00437e48	DEFAULT
00437e50	Label	Global	s_Close_00437e50	DEFAULT
00437e58	Label	Global	s_Open_Com_00437e58	DEFAULT
00437e68	Label	Global	s_Error!_00437e68	DEFAULT
00437e70	Label	Global	s_Write_Error!_00437e70	DEFAULT
00437e80	Label	Global	s_Write_Successfull!_00437e80	DEFAULT
00437e98	Label	Global	s_Read_Error!_00437e98	DEFAULT
00437ea8	Label	Global	s_Read_Successfull!_00437ea8	DEFAULT
00437ec0	Label	Global	PTR_PTR_00437ec0	DEFAULT
00437ed0	Label	Global	PTR_FUN_00437ed0	DEFAULT
00437f20	Label	Global	DAT_00437f20	DEFAULT
00437f40	Label	Global	DAT_00437f40	DEFAULT
00437f50	Label	Global	DAT_00437f50	DEFAULT
00437f70	Label	Global	DAT_00437f70	DEFAULT
00437f80	Label	Global	PTR_DAT_00437f80	DEFAULT
00437f90	Label	Global	DAT_00437f90	DEFAULT
00437fa0	Label	Global	DAT_00437fa0	DEFAULT
00438000	Label	Global	DAT_00438000	DEFAULT
00438010	Label	switchD_0042bcc4	switchdataD_00438010	ANALYSIS
004380d0	Label	switchD_0042be24	switchdataD_004380d0	ANALYSIS
00438190	Label	Global	DAT_00438190	DEFAULT
00438260	Label	Global	s_%s@%d_00438260	DEFAULT
00438280	Label	Global	DAT_00438280	DEFAULT
00438282	Label	Global	DAT_00438282	DEFAULT
00438284	Label	Global	DAT_00438284	DEFAULT
00438286	Label	Global	DAT_00438286	DEFAULT
00438560	Label	Global	DAT_00438560	DEFAULT
0043856a	Label	Global	DAT_0043856a	DEFAULT
0043856c	Label	Global	DAT_0043856c	DEFAULT
0043856e	Label	Global	DAT_0043856e	DEFAULT
00438570	Label	Global	DAT_00438570	DEFAULT
00438572	Label	Global	DAT_00438572	DEFAULT
004385e0	Label	Global	PTR_DAT_004385e0	DEFAULT
00438600	Label	Global	PTR_tls_callback_0_00438600	DEFAULT
00438620	Label	Global	IMAGE_THUNK_DATA64_00438620	DEFAULT
00438660	Label	Global	s_Unknown_error_00438660	DEFAULT
00438670	Label	Global	s_Argument_domain_error_(DOMAIN)_00438670	DEFAULT
00438690	Label	Global	s_Overflow_range_error_(OVERFLOW)_00438690	DEFAULT
004386b0	Label	Global	s_Partial_loss_of_significance_(PL_004386b0	DEFAULT
004386d8	Label	Global	s_Total_loss_of_significance_(TLOS_004386d8	DEFAULT
00438700	Label	Global	s_The_result_is_too_small_to_be_re_00438700	DEFAULT
00438736	Label	Global	s_Argument_singularity_(SIGN)_00438736	DEFAULT
00438758	Label	Global	s__matherr():_%s_in_%s(%g,_%g)_(re_00438758	DEFAULT
00438784	Label	switchD_0043049f	switchdataD_00438784	ANALYSIS
004387a0	Label	Global	s_Mingw-w64_runtime_failure:_004387a0	DEFAULT
004387c0	Label	Global	s_Address_%p_has_no_image-section_004387c0	DEFAULT
004387e0	Label	Global	s_VirtualQuery_failed_for_%d_bytes_004387e0	DEFAULT
00438818	Label	Global	s_VirtualProtect_failed_with_code_0_00438818	DEFAULT
00438840	Label	Global	s_Unknown_pseudo_relocation_protoc_00438840	DEFAULT
00438878	Label	Global	s_Unknown_pseudo_relocation_bit_si_00438878	DEFAULT
004388b0	Label	switchD_00430b80	switchdataD_004388b0	ANALYSIS
004388d8	Label	Global	s_.pdata_004388d8	DEFAULT
004388e0	Label	switchD_00430e5c	switchdataD_004388e0	ANALYSIS
00438910	Label	switchD_00431638	switchdataD_00438910	ANALYSIS
00438930	Label	Global	DAT_00438930	DEFAULT
00438940	Label	Global	DAT_00438940	DEFAULT
00438943	Label	Global	s_inity_00438943	DEFAULT
00438949	Label	Global	DAT_00438949	DEFAULT
0043894c	Label	switchD_00431eab	switchdataD_0043894c	ANALYSIS
00438a20	Label	Global	DAT_00438a20	DEFAULT
00438a80	Label	Global	DAT_00438a80	DEFAULT
00438a88	Label	Global	DAT_00438a88	DEFAULT
00438a90	Label	Global	DAT_00438a90	DEFAULT
00438a98	Label	Global	DAT_00438a98	DEFAULT
00438aa0	Label	Global	DAT_00438aa0	DEFAULT
00438aa8	Label	Global	DAT_00438aa8	DEFAULT
00438ab0	Label	Global	DAT_00438ab0	DEFAULT
00438ac0	Label	Global	DAT_00438ac0	DEFAULT
00438ac1	Label	Global	DAT_00438ac1	DEFAULT
00438ac2	Label	Global	s_23456789_00438ac2	DEFAULT
00438acb	Label	Global	DAT_00438acb	DEFAULT
00438acc	Label	Global	DAT_00438acc	DEFAULT
00438acd	Label	Global	DAT_00438acd	DEFAULT
00438ad2	Label	Global	DAT_00438ad2	DEFAULT
00438ad3	Label	Global	DAT_00438ad3	DEFAULT
00438ad4	Label	Global	DAT_00438ad4	DEFAULT
00438ae0	Label	Global	DAT_00438ae0	DEFAULT
00438b00	Label	Global	DAT_00438b00	DEFAULT
00438b38	Label	Global	DAT_00438b38	DEFAULT
00438bc0	Label	Global	DAT_00438bc0	DEFAULT
00438bc8	Label	Global	DAT_00438bc8	DEFAULT
00438be0	Label	Global	DAT_00438be0	DEFAULT
00438c00	Label	Global	DAT_00438c00	DEFAULT
00438c08	Label	Global	DAT_00438c08	DEFAULT
00438c20	Label	Global	DAT_00438c20	DEFAULT
00438c40	Label	Global	PTR_DAT_00438c40	DEFAULT
00438c50	Label	Global	PTR_DAT_00438c50	DEFAULT
00438c60	Label	Global	PTR_DAT_00438c60	DEFAULT
00438c70	Label	Global	PTR_DAT_00438c70	DEFAULT
00438c80	Label	Global	PTR_DAT_00438c80	DEFAULT
00438c90	Label	Global	PTR_DAT_00438c90	DEFAULT
00438ca0	Label	Global	PTR_PTR_00438ca0	DEFAULT
00438cb0	Label	Global	PTR_DAT_00438cb0	DEFAULT
00438cc0	Label	Global	PTR_DAT_00438cc0	DEFAULT
00438cd0	Label	Global	PTR_DAT_00438cd0	DEFAULT
00438ce0	Label	Global	PTR_IMAGE_DOS_HEADER_00438ce0	DEFAULT
00438cf0	Label	Global	PTR_PTR___initenv_00438cf0	DEFAULT
00438d00	Label	Global	PTR_PTR__acmdln_00438d00	DEFAULT
00438d10	Label	Global	PTR_PTR__fmode_00438d10	DEFAULT
00438d20	Label	Global	PTR_DAT_00438d20	DEFAULT
00438d30	Label	Global	PTR_DAT_00438d30	DEFAULT
00438d40	Label	Global	PTR_DAT_00438d40	DEFAULT
00438d50	Label	Global	PTR_DAT_00438d50	DEFAULT
00438d60	Label	Global	PTR_DAT_00438d60	DEFAULT
00438d70	Label	Global	PTR_DAT_00438d70	DEFAULT
00438d80	Label	Global	PTR_DAT_00438d80	DEFAULT
00438d90	Label	Global	PTR_DAT_00438d90	DEFAULT
00438da0	Label	Global	PTR_DAT_00438da0	DEFAULT
00438db0	Label	Global	PTR_DAT_00438db0	DEFAULT
00438dc0	Label	Global	PTR_DAT_00438dc0	DEFAULT
00438df0	Label	Global	PTR_DAT_00438df0	DEFAULT
00438e20	Label	Global	PTR_DAT_00438e20	DEFAULT
00438e30	Label	Global	PTR_DAT_00438e30	DEFAULT
00438e40	Label	Global	PTR_DAT_00438e40	DEFAULT
00438e50	Label	Global	PTR_DAT_00438e50	DEFAULT
00438e60	Label	Global	PTR_DAT_00438e60	DEFAULT
0043b4e0	Label	Global	DAT_0043b4e0	DEFAULT
0043b4e4	Label	Global	DAT_0043b4e4	DEFAULT
0043b4e8	Label	Global	DAT_0043b4e8	DEFAULT
0043b4ec	Label	Global	DAT_0043b4ec	DEFAULT
0043b4f0	Label	Global	DAT_0043b4f0	DEFAULT
0043b4f4	Label	Global	DAT_0043b4f4	DEFAULT
0043b4f8	Label	Global	DAT_0043b4f8	DEFAULT
0043b4fc	Label	Global	DAT_0043b4fc	DEFAULT
0043b500	Label	Global	DAT_0043b500	DEFAULT
0043b504	Label	Global	DAT_0043b504	DEFAULT
0043b508	Label	Global	DAT_0043b508	DEFAULT
0043b50c	Label	Global	DAT_0043b50c	DEFAULT
0043c000	Label	Global	_IMAGE_RUNTIME_FUNCTION_ENTRY_ARRAY_0043c000	DEFAULT
0043d000	Label	Global	UNWIND_INFO_0043d000	DEFAULT
0043d004	Label	Global	UNWIND_INFO_0043d004	DEFAULT
0043d00c	Label	Global	UNWIND_INFO_0043d00c	DEFAULT
0043d014	Label	Global	UNWIND_INFO_0043d014	DEFAULT
0043d028	Label	Global	UNWIND_INFO_0043d028	DEFAULT
0043d048	Label	Global	UNWIND_INFO_0043d048	DEFAULT
0043d068	Label	Global	UNWIND_INFO_0043d068	DEFAULT
0043d070	Label	Global	UNWIND_INFO_0043d070	DEFAULT
0043d074	Label	Global	UNWIND_INFO_0043d074	DEFAULT
0043d078	Label	Global	UNWIND_INFO_0043d078	DEFAULT
0043d080	Label	Global	UNWIND_INFO_0043d080	DEFAULT
0043d08c	Label	Global	UNWIND_INFO_0043d08c	DEFAULT
0043d090	Label	Global	UNWIND_INFO_0043d090	DEFAULT
0043d098	Label	Global	UNWIND_INFO_0043d098	DEFAULT
0043d09c	Label	Global	UNWIND_INFO_0043d09c	DEFAULT
0043d0a0	Label	Global	UNWIND_INFO_0043d0a0	DEFAULT
0043d0a4	Label	Global	UNWIND_INFO_0043d0a4	DEFAULT
0043d0a8	Label	Global	UNWIND_INFO_0043d0a8	DEFAULT
0043d0ac	Label	Global	UNWIND_INFO_0043d0ac	DEFAULT
0043d0b0	Label	Global	UNWIND_INFO_0043d0b0	DEFAULT
0043d0c0	Label	Global	UNWIND_INFO_0043d0c0	DEFAULT
0043d0d0	Label	Global	UNWIND_INFO_0043d0d0	DEFAULT
0043d0d8	Label	Global	UNWIND_INFO_0043d0d8	DEFAULT
0043d0e4	Label	Global	UNWIND_INFO_0043d0e4	DEFAULT
0043d0e8	Label	Global	UNWIND_INFO_0043d0e8	DEFAULT
0043d100	Label	Global	UNWIND_INFO_0043d100	DEFAULT
0043d104	Label	Global	UNWIND_INFO_0043d104	DEFAULT
0043d110	Label	Global	UNWIND_INFO_0043d110	DEFAULT
0043d120	Label	Global	UNWIND_INFO_0043d120	DEFAULT
0043d138	Label	Global	UNWIND_INFO_0043d138	DEFAULT
0043d140	Label	Global	UNWIND_INFO_0043d140	DEFAULT
0043d144	Label	Global	UNWIND_INFO_0043d144	DEFAULT
0043d14c	Label	Global	UNWIND_INFO_0043d14c	DEFAULT
0043d15c	Label	Global	UNWIND_INFO_0043d15c	DEFAULT
0043d164	Label	Global	UNWIND_INFO_0043d164	DEFAULT
0043d174	Label	Global	UNWIND_INFO_0043d174	DEFAULT
0043d180	Label	Global	UNWIND_INFO_0043d180	DEFAULT
0043d188	Label	Global	UNWIND_INFO_0043d188	DEFAULT
0043d190	Label	Global	UNWIND_INFO_0043d190	DEFAULT
0043d194	Label	Global	UNWIND_INFO_0043d194	DEFAULT
0043d198	Label	Global	UNWIND_INFO_0043d198	DEFAULT
0043d19c	Label	Global	UNWIND_INFO_0043d19c	DEFAULT
0043d1a8	Label	Global	UNWIND_INFO_0043d1a8	DEFAULT
0043d1b0	Label	Global	UNWIND_INFO_0043d1b0	DEFAULT
0043d1b8	Label	Global	UNWIND_INFO_0043d1b8	DEFAULT
0043d1c0	Label	Global	UNWIND_INFO_0043d1c0	DEFAULT
0043d1c8	Label	Global	UNWIND_INFO_0043d1c8	DEFAULT
0043d1d0	Label	Global	UNWIND_INFO_0043d1d0	DEFAULT
0043d1d8	Label	Global	UNWIND_INFO_0043d1d8	DEFAULT
0043d1e0	Label	Global	UNWIND_INFO_0043d1e0	DEFAULT
0043d1e8	Label	Global	UNWIND_INFO_0043d1e8	DEFAULT
0043d1f4	Label	Global	UNWIND_INFO_0043d1f4	DEFAULT
0043d20c	Label	Global	UNWIND_INFO_0043d20c	DEFAULT
0043d210	Label	Global	UNWIND_INFO_0043d210	DEFAULT
0043d21c	Label	Global	UNWIND_INFO_0043d21c	DEFAULT
0043d248	Label	Global	UNWIND_INFO_0043d248	DEFAULT
0043d260	Label	Global	UNWIND_INFO_0043d260	DEFAULT
0043d278	Label	Global	UNWIND_INFO_0043d278	DEFAULT
0043d288	Label	Global	UNWIND_INFO_0043d288	DEFAULT
0043d28c	Label	Global	UNWIND_INFO_0043d28c	DEFAULT
0043d290	Label	Global	UNWIND_INFO_0043d290	DEFAULT
0043d2a8	Label	Global	UNWIND_INFO_0043d2a8	DEFAULT
0043d2b4	Label	Global	UNWIND_INFO_0043d2b4	DEFAULT
0043d2bc	Label	Global	UNWIND_INFO_0043d2bc	DEFAULT
0043d2c8	Label	Global	UNWIND_INFO_0043d2c8	DEFAULT
0043d2d0	Label	Global	UNWIND_INFO_0043d2d0	DEFAULT
0043d2e0	Label	Global	UNWIND_INFO_0043d2e0	DEFAULT
0043d2e8	Label	Global	UNWIND_INFO_0043d2e8	DEFAULT
0043d300	Label	Global	UNWIND_INFO_0043d300	DEFAULT
0043d310	Label	Global	UNWIND_INFO_0043d310	DEFAULT
0043d324	Label	Global	UNWIND_INFO_0043d324	DEFAULT
0043d328	Label	Global	UNWIND_INFO_0043d328	DEFAULT
0043d33c	Label	Global	UNWIND_INFO_0043d33c	DEFAULT
0043d344	Label	Global	UNWIND_INFO_0043d344	DEFAULT
0043d350	Label	Global	UNWIND_INFO_0043d350	DEFAULT
0043d354	Label	Global	UNWIND_INFO_0043d354	DEFAULT
0043d368	Label	Global	UNWIND_INFO_0043d368	DEFAULT
0043d378	Label	Global	UNWIND_INFO_0043d378	DEFAULT
0043d37c	Label	Global	UNWIND_INFO_0043d37c	DEFAULT
0043d384	Label	Global	UNWIND_INFO_0043d384	DEFAULT
0043d388	Label	Global	UNWIND_INFO_0043d388	DEFAULT
0043e000	Label	Global	DAT_0043e000	DEFAULT
0043e004	Label	Global	DAT_0043e004	DEFAULT
0043e008	Label	Global	DAT_0043e008	DEFAULT
0043e00c	Label	Global	DAT_0043e00c	DEFAULT
0043e010	Label	Global	DAT_0043e010	DEFAULT
0043e018	Label	Global	DAT_0043e018	DEFAULT
0043e020	Label	Global	DAT_0043e020	DEFAULT
0043e028	Label	Global	DAT_0043e028	DEFAULT
0043e030	Label	Global	DAT_0043e030	DEFAULT
0043e034	Label	Global	DAT_0043e034	DEFAULT
0043e038	Label	Global	DAT_0043e038	DEFAULT
0043e03c	Label	Global	DAT_0043e03c	DEFAULT
0043e040	Label	Global	DAT_0043e040	DEFAULT
0043e044	Label	Global	DAT_0043e044	DEFAULT
0043e048	Label	Global	DAT_0043e048	DEFAULT
0043e248	Label	Global	DAT_0043e248	DEFAULT
0043e250	Label	Global	DAT_0043e250	DEFAULT
0043e270	Label	Global	DAT_0043e270	DEFAULT
0043e278	Label	Global	DAT_0043e278	DEFAULT
0043e290	Label	Global	DAT_0043e290	DEFAULT
0043e2a8	Label	Global	DAT_0043e2a8	DEFAULT
0043e2c0	Label	Global	DAT_0043e2c0	DEFAULT
0043e2d8	Label	Global	DAT_0043e2d8	DEFAULT
0043e2e0	Label	Global	DAT_0043e2e0	DEFAULT
0043e2f8	Label	Global	DAT_0043e2f8	DEFAULT
0043e310	Label	Global	DAT_0043e310	DEFAULT
0043e328	Label	Global	DAT_0043e328	DEFAULT
0043e340	Label	Global	DAT_0043e340	DEFAULT
0043e344	Label	Global	DAT_0043e344	DEFAULT
0043e348	Label	Global	DAT_0043e348	DEFAULT
0043e34c	Label	Global	DAT_0043e34c	DEFAULT
0043e350	Label	Global	DAT_0043e350	DEFAULT
0043e354	Label	Global	DAT_0043e354	DEFAULT
0043e358	Label	Global	DAT_0043e358	DEFAULT
0043e35c	Label	Global	DAT_0043e35c	DEFAULT
0043e360	Label	Global	DAT_0043e360	DEFAULT
0043e368	Label	Global	DAT_0043e368	DEFAULT
0043e370	Label	Global	DAT_0043e370	DEFAULT
0043e378	Label	Global	DAT_0043e378	DEFAULT
0043e388	Label	Global	DAT_0043e388	DEFAULT
0043e398	Label	Global	DAT_0043e398	DEFAULT
0043e3a8	Label	Global	DAT_0043e3a8	DEFAULT
0043e3b8	Label	Global	DAT_0043e3b8	DEFAULT
0043e3c8	Label	Global	DAT_0043e3c8	DEFAULT
0043e3d8	Label	Global	DAT_0043e3d8	DEFAULT
0043e3e8	Label	Global	DAT_0043e3e8	DEFAULT
0043e3f8	Label	Global	DAT_0043e3f8	DEFAULT
0043e401	Label	Global	DAT_0043e401	DEFAULT
0043e408	Label	Global	DAT_0043e408	DEFAULT
0043e418	Label	Global	DAT_0043e418	DEFAULT
0043e428	Label	Global	DAT_0043e428	DEFAULT
0043e440	Label	Global	DAT_0043e440	DEFAULT
0043e450	Label	Global	DAT_0043e450	DEFAULT
0043e460	Label	Global	DAT_0043e460	DEFAULT
0043e470	Label	Global	DAT_0043e470	DEFAULT
0043e480	Label	Global	DAT_0043e480	DEFAULT
0043e490	Label	Global	DAT_0043e490	DEFAULT
0043e498	Label	Global	DAT_0043e498	DEFAULT
0043e4a0	Label	Global	DAT_0043e4a0	DEFAULT
0043e4b0	Label	Global	DAT_0043e4b0	DEFAULT
0043e4c0	Label	Global	DAT_0043e4c0	DEFAULT
00440c98	Label	Global	DAT_00440c98	DEFAULT
00440cc0	Label	Global	DAT_00440cc0	DEFAULT
00440cc8	Label	Global	DAT_00440cc8	DEFAULT
00440cd8	Label	Global	DAT_00440cd8	DEFAULT
00440ce0	Label	Global	DAT_00440ce0	DEFAULT
00440da0	Label	Global	DAT_00440da0	DEFAULT
00440da8	Label	Global	DAT_00440da8	DEFAULT
00440db0	Label	Global	DAT_00440db0	DEFAULT
00440dc0	Label	Global	DAT_00440dc0	DEFAULT
00440dc4	Label	Global	DAT_00440dc4	DEFAULT
00440dc8	Label	Global	DAT_00440dc8	DEFAULT
00440de0	Label	Global	DAT_00440de0	DEFAULT
00440de4	Label	Global	DAT_00440de4	DEFAULT
004435e0	Label	Global	DAT_004435e0	DEFAULT
004435e8	Label	Global	DAT_004435e8	DEFAULT
00443600	Label	Global	DAT_00443600	DEFAULT
00443e00	Label	Global	DAT_00443e00	DEFAULT
00443e10	Label	Global	DAT_00443e10	DEFAULT
00443e20	Label	Global	DAT_00443e20	DEFAULT
00443e40	Label	Global	DAT_00443e40	DEFAULT
00443ec0	Label	Global	DAT_00443ec0	DEFAULT
00443ed8	Label	Global	DAT_00443ed8	DEFAULT
00443f38	Label	Global	DAT_00443f38	DEFAULT
00444320	Label	Global	DAT_00444320	DEFAULT
00444330	Label	Global	DAT_00444330	DEFAULT
004443c0	Label	Global	DAT_004443c0	DEFAULT
004443d0	Label	Global	DAT_004443d0	DEFAULT
004443d4	Label	Global	DAT_004443d4	DEFAULT
004443d8	Label	Global	DAT_004443d8	DEFAULT
004443dc	Label	Global	_tls_index	IMPORTED
004443e0	Label	Global	DAT_004443e0	DEFAULT
004443f0	Label	Global	DAT_004443f0	DEFAULT
004443f4	Label	Global	DAT_004443f4	DEFAULT
004443f8	Label	Global	DAT_004443f8	DEFAULT
00444400	Label	Global	DAT_00444400	DEFAULT
00444410	Label	Global	DAT_00444410	DEFAULT
00444420	Label	Global	DAT_00444420	DEFAULT
00444428	Label	Global	DAT_00444428	DEFAULT
00444440	Label	Global	DAT_00444440	DEFAULT
00444444	Label	Global	DAT_00444444	DEFAULT
00444448	Label	Global	DAT_00444448	DEFAULT
00444540	Label	Global	DAT_00444540	DEFAULT
00444544	Label	Global	DAT_00444544	DEFAULT
00444548	Label	Global	DAT_00444548	DEFAULT
004446c0	Label	Global	DAT_004446c0	DEFAULT
004446c8	Label	Global	DAT_004446c8	DEFAULT
004446e0	Label	Global	DAT_004446e0	DEFAULT
00444740	Label	Global	DAT_00444740	DEFAULT
00444760	Label	Global	DAT_00444760	DEFAULT
00444768	Label	Global	DAT_00444768	DEFAULT
0044476c	Label	Global	DAT_0044476c	DEFAULT
00444770	Label	Global	DAT_00444770	DEFAULT
00445060	Label	Global	DAT_00445060	DEFAULT
004450b0	Label	Global	DAT_004450b0	DEFAULT
004450c0	Label	Global	DAT_004450c0	DEFAULT
004450e8	Label	Global	DAT_004450e8	DEFAULT
00445120	Label	Global	DAT_00445120	DEFAULT
00445128	Label	Global	DAT_00445128	DEFAULT
00445140	Label	Global	DAT_00445140	DEFAULT
00445148	Label	Global	DAT_00445148	DEFAULT
00445150	Label	Global	DAT_00445150	DEFAULT
00445168	Label	Global	DAT_00445168	DEFAULT
004451a8	Label	Global	DAT_004451a8	DEFAULT
004451c0	Label	Global	DAT_004451c0	DEFAULT
00445228	Label	Global	DAT_00445228	DEFAULT
00445250	Label	Global	DAT_00445250	DEFAULT
00445274	Label	Global	DAT_00445274	DEFAULT
00445278	Label	Global	DAT_00445278	DEFAULT
004452f0	Label	Global	DAT_004452f0	DEFAULT
00445328	Label	Global	DAT_00445328	DEFAULT
00445378	Label	Global	DAT_00445378	DEFAULT
0044a2a0	Label	Global	DAT_0044a2a0	DEFAULT
0044a2a4	Label	Global	DAT_0044a2a4	DEFAULT
0044a2a8	Label	Global	DAT_0044a2a8	DEFAULT
0044a2c0	Label	Global	DAT_0044a2c0	DEFAULT
0044a2c8	Label	Global	DAT_0044a2c8	DEFAULT
0044a2d0	Label	Global	DAT_0044a2d0	DEFAULT
0044a2d8	Label	Global	DAT_0044a2d8	DEFAULT
0044a2e0	Label	Global	DAT_0044a2e0	DEFAULT
0044a2e8	Label	Global	DAT_0044a2e8	DEFAULT
0044a2f0	Label	Global	DAT_0044a2f0	DEFAULT
0044a2f8	Label	Global	DAT_0044a2f8	DEFAULT
0044a2fa	Label	Global	DAT_0044a2f8+2	DEFAULT
0044a2fc	Label	Global	DAT_0044a2f8+4	DEFAULT
0044a2fe	Label	Global	DAT_0044a2f8+6	DEFAULT
0044a300	Label	Global	DAT_0044a300	DEFAULT
0044a308	Label	Global	DAT_0044a308	DEFAULT
0044a310	Label	Global	DAT_0044a310	DEFAULT
0044a318	Label	Global	DAT_0044a318	DEFAULT
0044a320	Label	Global	DAT_0044a320	DEFAULT
0044a350	Label	Global	DAT_0044a350	DEFAULT
0044a351	Label	Global	DAT_0044a351	DEFAULT
0044a361	Label	Global	DAT_0044a361	DEFAULT
0044a362	Label	Global	DAT_0044a362	DEFAULT
0044a381	Label	Global	DAT_0044a381	DEFAULT
0044a382	Label	Global	DAT_0044a382	DEFAULT
0044b000	Label	Global	DWORD_0044b000	DEFAULT
0044b004	Label	Global	DWORD_0044b004	DEFAULT
0044b00c	Label	Global	DWORD_0044b00c	DEFAULT
0044b018	Label	Global	DWORD_0044b018	DEFAULT
0044b020	Label	Global	DWORD_0044b020	DEFAULT
0044bae8	Label	Global	PTR_InitCommonControlsEx_0044bae8	DEFAULT
0044baf0	Label	Global	PTR_SetWindowSubclass_0044baf0	DEFAULT
0044bb00	Label	Global	PTR_BitBlt_0044bb00	DEFAULT
0044bb08	Label	Global	PTR_CreateCompatibleBitmap_0044bb08	DEFAULT
0044bb10	Label	Global	PTR_CreateCompatibleDC_0044bb10	DEFAULT
0044bb28	Label	Global	PTR_CreateFontIndirectW_0044bb28	DEFAULT
0044bb38	Label	Global	PTR_CreateSolidBrush_0044bb38	DEFAULT
0044bb40	Label	Global	PTR_DeleteDC_0044bb40	DEFAULT
0044bb48	Label	Global	PTR_DeleteObject_0044bb48	DEFAULT
0044bb58	Label	Global	PTR_GetDeviceCaps_0044bb58	DEFAULT
0044bb98	Label	Global	PTR_SelectObject_0044bb98	DEFAULT
0044bba0	Label	Global	PTR_SetBkColor_0044bba0	DEFAULT
0044bba8	Label	Global	PTR_SetBkMode_0044bba8	DEFAULT
0044bbb0	Label	Global	PTR_SetTextColor_0044bbb0	DEFAULT
0044bbc8	Label	Global	PTR_GdipAddPathArc_0044bbc8	DEFAULT
0044bbd0	Label	Global	PTR_GdipAddPathLine_0044bbd0	DEFAULT
0044bbf0	Label	Global	PTR_GdipClosePathFigure_0044bbf0	DEFAULT
0044bc10	Label	Global	PTR_GdipCreateFromHDC_0044bc10	DEFAULT
0044bc28	Label	Global	PTR_GdipCreateLineBrush_0044bc28	DEFAULT
0044bc30	Label	Global	PTR_GdipCreatePath_0044bc30	DEFAULT
0044bc38	Label	Global	PTR_GdipCreatePen1_0044bc38	DEFAULT
0044bc40	Label	Global	PTR_GdipCreateSolidFill_0044bc40	DEFAULT
0044bc48	Label	Global	PTR_GdipDeleteBrush_0044bc48	DEFAULT
0044bc58	Label	Global	PTR_GdipDeleteFontFamily_0044bc58	DEFAULT
0044bc60	Label	Global	PTR_GdipDeleteGraphics_0044bc60	DEFAULT
0044bc68	Label	Global	PTR_GdipDeletePath_0044bc68	DEFAULT
0044bc70	Label	Global	PTR_GdipDeletePen_0044bc70	DEFAULT
0044bc78	Label	Global	PTR_GdipDisposeImage_0044bc78	DEFAULT
0044bc80	Label	Global	PTR_GdipDrawEllipse_0044bc80	DEFAULT
0044bc90	Label	Global	PTR_GdipDrawPath_0044bc90	DEFAULT
0044bc98	Label	Global	PTR_GdipDrawPolygon_0044bc98	DEFAULT
0044bca0	Label	Global	PTR_GdipDrawRectangle_0044bca0	DEFAULT
0044bca8	Label	Global	PTR_GdipFillEllipse_0044bca8	DEFAULT
0044bcb0	Label	Global	PTR_GdipFillPath_0044bcb0	DEFAULT
0044bcb8	Label	Global	PTR_GdipFillPolygon_0044bcb8	DEFAULT
0044bcc0	Label	Global	PTR_GdipFillRectangle_0044bcc0	DEFAULT
0044bd10	Label	Global	PTR_GdipSetSmoothingMode_0044bd10	DEFAULT
0044bd20	Label	Global	PTR_GdiplusShutdown_0044bd20	DEFAULT
0044bd28	Label	Global	PTR_GdiplusStartup_0044bd28	DEFAULT
0044bd38	Label	Global	PTR_CloseHandle_0044bd38	DEFAULT
0044bd48	Label	Global	PTR_CreateFileW_0044bd48	DEFAULT
0044bd50	Label	Global	PTR_DeleteCriticalSection_0044bd50	DEFAULT
0044bd58	Label	Global	PTR_EnterCriticalSection_0044bd58	DEFAULT
0044bd78	Label	Global	PTR_FreeLibrary_0044bd78	DEFAULT
0044bd80	Label	Global	PTR_GetCommState_0044bd80	DEFAULT
0044bd88	Label	Global	PTR_GetConsoleMode_0044bd88	DEFAULT
0044bd90	Label	Global	PTR_GetConsoleScreenBufferInfo_0044bd90	DEFAULT
0044bda0	Label	Global	PTR_GetCurrentProcess_0044bda0	DEFAULT
0044bda8	Label	Global	PTR_GetCurrentProcessId_0044bda8	DEFAULT
0044bdb0	Label	Global	PTR_GetCurrentThreadId_0044bdb0	DEFAULT
0044bdd0	Label	Global	PTR_GetLastError_0044bdd0	DEFAULT
0044bdd8	Label	Global	PTR_GetModuleFileNameW_0044bdd8	DEFAULT
0044bde0	Label	Global	PTR_GetModuleHandleA_0044bde0	DEFAULT
0044bde8	Label	Global	PTR_GetModuleHandleW_0044bde8	DEFAULT
0044bdf8	Label	Global	PTR_GetProcAddress_0044bdf8	DEFAULT
0044be08	Label	Global	PTR_GetStartupInfoA_0044be08	DEFAULT
0044be10	Label	Global	PTR_GetStdHandle_0044be10	DEFAULT
0044be18	Label	Global	PTR_GetSystemTimeAsFileTime_0044be18	DEFAULT
0044be20	Label	Global	PTR_GetTickCount_0044be20	DEFAULT
0044be58	Label	Global	PTR_InitializeCriticalSection_0044be58	DEFAULT
0044be60	Label	Global	PTR_LeaveCriticalSection_0044be60	DEFAULT
0044be68	Label	Global	PTR_LoadLibraryA_0044be68	DEFAULT
0044be70	Label	Global	PTR_LoadLibraryW_0044be70	DEFAULT
0044be90	Label	Global	PTR_MulDiv_0044be90	DEFAULT
0044be98	Label	Global	PTR_MultiByteToWideChar_0044be98	DEFAULT
0044bea0	Label	Global	PTR_PeekConsoleInputA_0044bea0	DEFAULT
0044bea8	Label	Global	PTR_PurgeComm_0044bea8	DEFAULT
0044beb0	Label	Global	PTR_QueryPerformanceCounter_0044beb0	DEFAULT
0044beb8	Label	Global	PTR_ReadConsoleInputA_0044beb8	DEFAULT
0044bec0	Label	Global	PTR_ReadFile_0044bec0	DEFAULT
0044bec8	Label	Global	PTR_RtlAddFunctionTable_0044bec8	DEFAULT
0044bed0	Label	Global	PTR_RtlCaptureContext_0044bed0	DEFAULT
0044bed8	Label	Global	PTR_RtlLookupFunctionEntry_0044bed8	DEFAULT
0044bee0	Label	Global	PTR_RtlVirtualUnwind_0044bee0	DEFAULT
0044bee8	Label	Global	PTR_SetCommMask_0044bee8	DEFAULT
0044bef0	Label	Global	PTR_SetCommState_0044bef0	DEFAULT
0044bef8	Label	Global	PTR_SetCommTimeouts_0044bef8	DEFAULT
0044bf00	Label	Global	PTR_SetConsoleCtrlHandler_0044bf00	DEFAULT
0044bf08	Label	Global	PTR_SetConsoleMode_0044bf08	DEFAULT
0044bf18	Label	Global	PTR_SetUnhandledExceptionFilter_0044bf18	DEFAULT
0044bf20	Label	Global	PTR_SetupComm_0044bf20	DEFAULT
0044bf30	Label	Global	PTR_Sleep_0044bf30	DEFAULT
0044bf38	Label	Global	PTR_TerminateProcess_0044bf38	DEFAULT
0044bf40	Label	Global	PTR_TlsGetValue_0044bf40	DEFAULT
0044bf48	Label	Global	PTR_UnhandledExceptionFilter_0044bf48	DEFAULT
0044bf50	Label	Global	PTR_VirtualProtect_0044bf50	DEFAULT
0044bf58	Label	Global	PTR_VirtualQuery_0044bf58	DEFAULT
0044bf60	Label	Global	PTR_WideCharToMultiByte_0044bf60	DEFAULT
0044bf70	Label	Global	PTR_WriteFile_0044bf70	DEFAULT
0044bf80	Label	Global	PTR___C_specific_handler_0044bf80	DEFAULT
0044bf90	Label	Global	PTR___getmainargs_0044bf90	DEFAULT
0044bf98	Label	Global	PTR___initenv_0044bf98	DEFAULT
0044bfa0	Label	Global	PTR___iob_func_0044bfa0	DEFAULT
0044bfa8	Label	Global	PTR___lconv_init_0044bfa8	DEFAULT
0044bfb0	Label	Global	PTR___set_app_type_0044bfb0	DEFAULT
0044bfb8	Label	Global	PTR___setusermatherr_0044bfb8	DEFAULT
0044bfc0	Label	Global	PTR__acmdln_0044bfc0	DEFAULT
0044bfc8	Label	Global	PTR__amsg_exit_0044bfc8	DEFAULT
0044bfd0	Label	Global	PTR__cexit_0044bfd0	DEFAULT
0044bfd8	Label	Global	PTR__controlfp_0044bfd8	DEFAULT
0044bfe0	Label	Global	PTR__errno_0044bfe0	DEFAULT
0044bfe8	Label	Global	PTR__fmode_0044bfe8	DEFAULT
0044bff8	Label	Global	PTR__i64toa_0044bff8	DEFAULT
0044c008	Label	Global	PTR__initterm_0044c008	DEFAULT
0044c018	Label	Global	PTR__itow_0044c018	DEFAULT
0044c020	Label	Global	PTR__onexit_0044c020	DEFAULT
0044c028	Label	Global	PTR__snprintf_0044c028	DEFAULT
0044c030	Label	Global	PTR__ui64toa_0044c030	DEFAULT
0044c050	Label	Global	PTR_abort_0044c050	DEFAULT
0044c058	Label	Global	PTR_calloc_0044c058	DEFAULT
0044c060	Label	Global	PTR_exit_0044c060	DEFAULT
0044c070	Label	Global	PTR_fprintf_0044c070	DEFAULT
0044c078	Label	Global	PTR_fputs_0044c078	DEFAULT
0044c080	Label	Global	PTR_free_0044c080	DEFAULT
0044c088	Label	Global	PTR_fwrite_0044c088	DEFAULT
0044c090	Label	Global	PTR_islower_0044c090	DEFAULT
0044c098	Label	Global	PTR_isupper_0044c098	DEFAULT
0044c0a0	Label	Global	PTR_iswctype_0044c0a0	DEFAULT
0044c0a8	Label	Global	PTR_localeconv_0044c0a8	DEFAULT
0044c0b0	Label	Global	PTR_malloc_0044c0b0	DEFAULT
0044c0b8	Label	Global	PTR_mbstowcs_0044c0b8	DEFAULT
0044c0c0	Label	Global	PTR_memchr_0044c0c0	DEFAULT
0044c0c8	Label	Global	PTR_memcmp_0044c0c8	DEFAULT
0044c0d0	Label	Global	PTR_memcpy_0044c0d0	DEFAULT
0044c0d8	Label	Global	PTR_memset_0044c0d8	DEFAULT
0044c0e8	Label	Global	PTR_realloc_0044c0e8	DEFAULT
0044c0f0	Label	Global	PTR_setlocale_0044c0f0	DEFAULT
0044c0f8	Label	Global	PTR_signal_0044c0f8	DEFAULT
0044c100	Label	Global	PTR_strchr_0044c100	DEFAULT
0044c108	Label	Global	PTR_strlen_0044c108	DEFAULT
0044c110	Label	Global	PTR_strncmp_0044c110	DEFAULT
0044c118	Label	Global	PTR_strtoul_0044c118	DEFAULT
0044c120	Label	Global	PTR_tolower_0044c120	DEFAULT
0044c128	Label	Global	PTR_toupper_0044c128	DEFAULT
0044c130	Label	Global	PTR_towupper_0044c130	DEFAULT
0044c138	Label	Global	PTR_vfprintf_0044c138	DEFAULT
0044c150	Label	Global	PTR_wcslen_0044c150	DEFAULT
0044c158	Label	Global	PTR_wcsncmp_0044c158	DEFAULT
0044c1d0	Label	Global	PTR_StrToIntW_0044c1d0	DEFAULT
0044c1e8	Label	Global	PTR_BeginDeferWindowPos_0044c1e8	DEFAULT
0044c1f0	Label	Global	PTR_BeginPaint_0044c1f0	DEFAULT
0044c208	Label	Global	PTR_CreateWindowExW_0044c208	DEFAULT
0044c210	Label	Global	PTR_DefWindowProcW_0044c210	DEFAULT
0044c218	Label	Global	PTR_DeferWindowPos_0044c218	DEFAULT
0044c220	Label	Global	PTR_DestroyAcceleratorTable_0044c220	DEFAULT
0044c228	Label	Global	PTR_DestroyCursor_0044c228	DEFAULT
0044c230	Label	Global	PTR_DestroyIcon_0044c230	DEFAULT
0044c238	Label	Global	PTR_DestroyWindow_0044c238	DEFAULT
0044c240	Label	Global	PTR_DispatchMessageW_0044c240	DEFAULT
0044c250	Label	Global	PTR_DrawTextW_0044c250	DEFAULT
0044c258	Label	Global	PTR_EnableWindow_0044c258	DEFAULT
0044c260	Label	Global	PTR_EndDeferWindowPos_0044c260	DEFAULT
0044c268	Label	Global	PTR_EndPaint_0044c268	DEFAULT
0044c278	Label	Global	PTR_FillRect_0044c278	DEFAULT
0044c280	Label	Global	PTR_FindWindowExW_0044c280	DEFAULT
0044c290	Label	Global	PTR_FlashWindowEx_0044c290	DEFAULT
0044c298	Label	Global	PTR_GetAncestor_0044c298	DEFAULT
0044c2a0	Label	Global	PTR_GetClassLongPtrW_0044c2a0	DEFAULT
0044c2a8	Label	Global	PTR_GetClassNameA_0044c2a8	DEFAULT
0044c2b0	Label	Global	PTR_GetClassNameW_0044c2b0	DEFAULT
0044c2b8	Label	Global	PTR_GetClientRect_0044c2b8	DEFAULT
0044c2c0	Label	Global	PTR_GetDC_0044c2c0	DEFAULT
0044c2f0	Label	Global	PTR_GetMessageW_0044c2f0	DEFAULT
0044c2f8	Label	Global	PTR_GetParent_0044c2f8	DEFAULT
0044c310	Label	Global	PTR_GetSysColor_0044c310	DEFAULT
0044c318	Label	Global	PTR_GetSystemMetrics_0044c318	DEFAULT
0044c320	Label	Global	PTR_GetWindow_0044c320	DEFAULT
0044c328	Label	Global	PTR_GetWindowDC_0044c328	DEFAULT
0044c330	Label	Global	PTR_GetWindowLongPtrW_0044c330	DEFAULT
0044c340	Label	Global	PTR_GetWindowRect_0044c340	DEFAULT
0044c358	Label	Global	PTR_IntersectRect_0044c358	DEFAULT
0044c360	Label	Global	PTR_InvalidateRect_0044c360	DEFAULT
0044c368	Label	Global	PTR_IsDialogMessageW_0044c368	DEFAULT
0044c378	Label	Global	PTR_IsWindow_0044c378	DEFAULT
0044c380	Label	Global	PTR_IsWindowEnabled_0044c380	DEFAULT
0044c388	Label	Global	PTR_IsWindowVisible_0044c388	DEFAULT
0044c398	Label	Global	PTR_LoadCursorW_0044c398	DEFAULT
0044c3a8	Label	Global	PTR_LoadImageW_0044c3a8	DEFAULT
0044c3b0	Label	Global	PTR_MapVirtualKeyA_0044c3b0	DEFAULT
0044c3b8	Label	Global	PTR_MapWindowPoints_0044c3b8	DEFAULT
0044c3c8	Label	Global	PTR_OpenIcon_0044c3c8	DEFAULT
0044c3d0	Label	Global	PTR_PostMessageW_0044c3d0	DEFAULT
0044c3d8	Label	Global	PTR_PostQuitMessage_0044c3d8	DEFAULT
0044c3e0	Label	Global	PTR_RegisterClassExW_0044c3e0	DEFAULT
0044c3f0	Label	Global	PTR_ReleaseDC_0044c3f0	DEFAULT
0044c400	Label	Global	PTR_ScreenToClient_0044c400	DEFAULT
0044c408	Label	Global	PTR_SendMessageA_0044c408	DEFAULT
0044c410	Label	Global	PTR_SendMessageW_0044c410	DEFAULT
0044c418	Label	Global	PTR_SetClassLongPtrW_0044c418	DEFAULT
0044c420	Label	Global	PTR_SetCursor_0044c420	DEFAULT
0044c428	Label	Global	PTR_SetFocus_0044c428	DEFAULT
0044c430	Label	Global	PTR_SetForegroundWindow_0044c430	DEFAULT
0044c438	Label	Global	PTR_SetLayeredWindowAttributes_0044c438	DEFAULT
0044c448	Label	Global	PTR_SetPropW_0044c448	DEFAULT
0044c450	Label	Global	PTR_SetRect_0044c450	DEFAULT
0044c458	Label	Global	PTR_SetScrollInfo_0044c458	DEFAULT
0044c460	Label	Global	PTR_SetWindowLongPtrW_0044c460	DEFAULT
0044c470	Label	Global	PTR_SetWindowPos_0044c470	DEFAULT
0044c478	Label	Global	PTR_ShowWindow_0044c478	DEFAULT
0044c480	Label	Global	PTR_SystemParametersInfoW_0044c480	DEFAULT
0044c488	Label	Global	PTR_TranslateAcceleratorW_0044c488	DEFAULT
0044c490	Label	Global	PTR_TranslateMDISysAccel_0044c490	DEFAULT
0044c498	Label	Global	PTR_TranslateMessage_0044c498	DEFAULT
0044c4a0	Label	Global	PTR_UnregisterClassW_0044c4a0	DEFAULT
0044c4a8	Label	Global	PTR_UpdateWindow_0044c4a8	DEFAULT
0044c4b0	Label	Global	PTR_VkKeyScanA_0044c4b0	DEFAULT
0044d948	Label	Global	s_COMCTL32.dll_0044d948	DEFAULT
0044d9b8	Label	Global	s_GDI32.dll_0044d9b8	DEFAULT
0044e000	Label	Global	DAT_0044e000	DEFAULT
0044e010	Label	Global	DAT_0044e010	DEFAULT
0044e018	Label	Global	DAT_0044e018	DEFAULT
0044e030	Label	Global	DAT_0044e030	DEFAULT
0044e060	Label	Global	DAT_0044e060	DEFAULT
0044e068	Label	Global	DAT_0044e068	DEFAULT
0044f000	Label	Global	DAT_0044f000	DEFAULT
00450000	Label	Global	IMAGE_RESOURCE_DIRECTORY_00450000	DEFAULT
0045014c	Label	Global	Rsrc_Icon_1_804	IMPORTED
00454374	Label	Global	Rsrc_GroupIcon_AAAAA_APPICON_804	IMPORTED
00454388	Label	Global	Rsrc_Version_1_804	IMPORTED
00454580	Label	Global	Rsrc_Manifest_1_804	IMPORTED
800435aa8	Label	Global	DAT_800435aa8	DEFAULT
